Date,Entity_Name,Entity_Type,Weather_Condition,College_Exam_Season,Local_Event,Promo_Active,Recent_Review_Avg,Expected_Footfall
2024-01-01,Bistro 1,Restaurant,Clear,False,Concert,False,3.5,169
2024-01-01,Hostel B,Hostel,Clear,False,None,False,,53
2024-01-01,Spice Grill,Restaurant,Heatwave,False,None,False,4.0,197
2024-01-01,UEM Kolkata Hostel,Hostel,Clear,False,Sports Match,False,,74
2024-01-02,Bistro 1,Restaurant,Light Rain,False,Sports Match,True,3.7,184
2024-01-02,Hostel B,Hostel,Heatwave,False,None,False,,42
2024-01-02,Spice Grill,Restaurant,Clear,False,None,True,3.8,219
2024-01-02,UEM Kolkata Hostel,Hostel,Light Rain,False,None,False,,90
2024-01-03,Bistro 1,Restaurant,Light Rain,False,None,False,4.4,114
2024-01-03,Hostel B,Hostel,Heatwave,False,None,False,,58
2024-01-03,Spice Grill,Restaurant,Clear,False,None,False,4.5,228
2024-01-03,UEM Kolkata Hostel,Hostel,Clear,False,None,False,,64
2024-01-04,Bistro 1,Restaurant,Cloudy,False,None,False,4.7,108
2024-01-04,Hostel B,Hostel,Heavy Rain,False,None,False,,57
2024-01-04,Spice Grill,Restaurant,Cloudy,False,None,True,4.9,335
2024-01-04,UEM Kolkata Hostel,Hostel,Clear,False,Local Festival,False,,60
2024-01-05,Bistro 1,Restaurant,Clear,False,None,False,3.9,132
2024-01-05,Hostel B,Hostel,Cloudy,False,None,False,,59
2024-01-05,Spice Grill,Restaurant,Heatwave,False,None,True,4.1,206
2024-01-05,UEM Kolkata Hostel,Hostel,Cloudy,False,None,False,,83
2024-01-06,Bistro 1,Restaurant,Light Rain,False,None,False,3.9,158
2024-01-06,Hostel B,Hostel,Heavy Rain,False,None,False,,55
2024-01-06,Spice Grill,Restaurant,Clear,False,None,False,4.2,251
2024-01-06,UEM Kolkata Hostel,Hostel,Clear,False,Sports Match,False,,71
2024-01-07,Bistro 1,Restaurant,Light Rain,False,None,True,4.8,211
2024-01-07,Hostel B,Hostel,Clear,False,None,False,,40
2024-01-07,Spice Grill,Restaurant,Clear,False,None,True,3.8,291
2024-01-07,UEM Kolkata Hostel,Hostel,Light Rain,False,None,False,,105
2024-01-08,Bistro 1,Restaurant,Heatwave,False,None,False,4.2,126
2024-01-08,Hostel B,Hostel,Light Rain,False,None,False,,40
2024-01-08,Spice Grill,Restaurant,Clear,False,None,False,4.2,184
2024-01-08,UEM Kolkata Hostel,Hostel,Clear,False,None,False,,98
2024-01-09,Bistro 1,Restaurant,Clear,False,None,False,4.3,123
2024-01-09,Hostel B,Hostel,Light Rain,False,None,False,,56
2024-01-09,Spice Grill,Restaurant,Clear,False,None,False,4.0,223
2024-01-09,UEM Kolkata Hostel,Hostel,Clear,False,None,False,,72
2024-01-10,Bistro 1,Restaurant,Clear,False,None,False,4.4,118
2024-01-10,Hostel B,Hostel,Light Rain,False,None,False,,28
2024-01-10,Spice Grill,Restaurant,Heatwave,False,None,True,4.6,291
2024-01-10,UEM Kolkata Hostel,Hostel,Clear,False,None,False,,89
2024-01-11,Bistro 1,Restaurant,Light Rain,False,None,True,4.3,170
2024-01-11,Hostel B,Hostel,Cloudy,False,None,False,,45
2024-01-11,Spice Grill,Restaurant,Heatwave,False,None,False,4.6,188
2024-01-11,UEM Kolkata Hostel,Hostel,Cloudy,False,None,False,,81
2024-01-12,Bistro 1,Restaurant,Cloudy,False,None,True,4.6,149
2024-01-12,Hostel B,Hostel,Clear,False,None,False,,36
2024-01-12,Spice Grill,Restaurant,Clear,False,None,True,3.7,192
2024-01-12,UEM Kolkata Hostel,Hostel,Clear,False,None,False,,113
2024-01-13,Bistro 1,Restaurant,Clear,False,Concert,True,3.8,225
2024-01-13,Hostel B,Hostel,Clear,False,None,False,,63
2024-01-13,Spice Grill,Restaurant,Clear,False,None,True,4.7,445
2024-01-13,UEM Kolkata Hostel,Hostel,Clear,False,None,False,,85
2024-01-14,Bistro 1,Restaurant,Light Rain,False,None,True,3.8,162
2024-01-14,Hostel B,Hostel,Clear,False,None,False,,31
2024-01-14,Spice Grill,Restaurant,Cloudy,False,None,True,3.9,304
2024-01-14,UEM Kolkata Hostel,Hostel,Clear,False,None,False,,77
2024-01-15,Bistro 1,Restaurant,Light Rain,False,None,True,4.0,129
2024-01-15,Hostel B,Hostel,Clear,False,None,False,,42
2024-01-15,Spice Grill,Restaurant,Clear,False,None,True,3.7,223
2024-01-15,UEM Kolkata Hostel,Hostel,Cloudy,False,None,False,,91
2024-01-16,Bistro 1,Restaurant,Heatwave,False,None,True,4.6,180
2024-01-16,Hostel B,Hostel,Clear,False,None,False,,29
2024-01-16,Spice Grill,Restaurant,Clear,False,None,True,3.5,208
2024-01-16,UEM Kolkata Hostel,Hostel,Cloudy,False,None,False,,63
2024-01-17,Bistro 1,Restaurant,Light Rain,False,Local Festival,False,3.7,169
2024-01-17,Hostel B,Hostel,Cloudy,False,None,False,,46
2024-01-17,Spice Grill,Restaurant,Clear,False,None,True,3.6,193
2024-01-17,UEM Kolkata Hostel,Hostel,Clear,False,Concert,False,,61
2024-01-18,Bistro 1,Restaurant,Clear,False,None,False,4.8,124
2024-01-18,Hostel B,Hostel,Cloudy,False,None,False,,61
2024-01-18,Spice Grill,Restaurant,Clear,False,Sports Match,False,3.6,279
2024-01-18,UEM Kolkata Hostel,Hostel,Heatwave,False,None,False,,101
2024-01-19,Bistro 1,Restaurant,Clear,False,None,True,4.2,155
2024-01-19,Hostel B,Hostel,Clear,False,Local Festival,False,,44
2024-01-19,Spice Grill,Restaurant,Cloudy,False,None,True,4.7,291
2024-01-19,UEM Kolkata Hostel,Hostel,Clear,False,None,False,,114
2024-01-20,Bistro 1,Restaurant,Clear,False,Sports Match,True,4.3,340
2024-01-20,Hostel B,Hostel,Cloudy,False,None,False,,27
2024-01-20,Spice Grill,Restaurant,Clear,False,None,False,4.2,310
2024-01-20,UEM Kolkata Hostel,Hostel,Cloudy,False,None,False,,63
2024-01-21,Bistro 1,Restaurant,Heavy Rain,False,None,True,4.4,115
2024-01-21,Hostel B,Hostel,Clear,False,None,False,,41
2024-01-21,Spice Grill,Restaurant,Clear,False,None,True,4.9,380
2024-01-21,UEM Kolkata Hostel,Hostel,Clear,False,None,False,,73
2024-01-22,Bistro 1,Restaurant,Light Rain,False,None,True,4.3,168
2024-01-22,Hostel B,Hostel,Clear,False,None,False,,57
2024-01-22,Spice Grill,Restaurant,Clear,False,None,True,4.5,316
2024-01-22,UEM Kolkata Hostel,Hostel,Clear,False,Concert,False,,104
2024-01-23,Bistro 1,Restaurant,Heatwave,False,None,False,3.7,121
2024-01-23,Hostel B,Hostel,Cloudy,False,None,False,,59
2024-01-23,Spice Grill,Restaurant,Cloudy,False,None,True,4.8,292
2024-01-23,UEM Kolkata Hostel,Hostel,Clear,False,None,False,,100
2024-01-24,Bistro 1,Restaurant,Clear,False,None,True,4.8,192
2024-01-24,Hostel B,Hostel,Cloudy,False,None,False,,35
2024-01-24,Spice Grill,Restaurant,Clear,False,Concert,True,4.1,316
2024-01-24,UEM Kolkata Hostel,Hostel,Clear,False,None,False,,85
2024-01-25,Bistro 1,Restaurant,Light Rain,False,None,False,4.3,108
2024-01-25,Hostel B,Hostel,Light Rain,False,None,False,,39
2024-01-25,Spice Grill,Restaurant,Clear,False,None,False,3.5,237
2024-01-25,UEM Kolkata Hostel,Hostel,Cloudy,False,None,False,,106
2024-01-26,Bistro 1,Restaurant,Clear,False,None,False,4.7,114
2024-01-26,Hostel B,Hostel,Heatwave,False,None,False,,47
2024-01-26,Spice Grill,Restaurant,Clear,False,None,False,4.6,232
2024-01-26,UEM Kolkata Hostel,Hostel,Heatwave,False,None,False,,109
2024-01-27,Bistro 1,Restaurant,Light Rain,False,None,False,3.6,154
2024-01-27,Hostel B,Hostel,Clear,False,None,False,,58
2024-01-27,Spice Grill,Restaurant,Heatwave,False,None,False,4.3,268
2024-01-27,UEM Kolkata Hostel,Hostel,Heatwave,False,Local Festival,False,,96
2024-01-28,Bistro 1,Restaurant,Light Rain,False,Sports Match,False,4.6,220
2024-01-28,Hostel B,Hostel,Cloudy,False,Local Festival,False,,42
2024-01-28,Spice Grill,Restaurant,Heavy Rain,False,None,False,4.4,108
2024-01-28,UEM Kolkata Hostel,Hostel,Cloudy,False,Concert,False,,80
2024-01-29,Bistro 1,Restaurant,Clear,False,None,False,4.2,111
2024-01-29,Hostel B,Hostel,Clear,False,Concert,False,,42
2024-01-29,Spice Grill,Restaurant,Clear,False,None,True,3.6,210
2024-01-29,UEM Kolkata Hostel,Hostel,Clear,False,None,False,,78
2024-01-30,Bistro 1,Restaurant,Light Rain,False,None,False,4.7,116
2024-01-30,Hostel B,Hostel,Clear,False,Concert,False,,42
2024-01-30,Spice Grill,Restaurant,Clear,False,Sports Match,False,4.7,241
2024-01-30,UEM Kolkata Hostel,Hostel,Clear,False,None,False,,112
2024-01-31,Bistro 1,Restaurant,Cloudy,False,Sports Match,False,3.8,165
2024-01-31,Hostel B,Hostel,Clear,False,None,False,,52
2024-01-31,Spice Grill,Restaurant,Clear,False,None,True,3.9,219
2024-01-31,UEM Kolkata Hostel,Hostel,Clear,False,None,False,,105
2024-02-01,Bistro 1,Restaurant,Clear,False,None,True,3.5,114
2024-02-01,Hostel B,Hostel,Clear,False,None,False,,152
2024-02-01,Spice Grill,Restaurant,Clear,False,None,True,3.8,221
2024-02-01,UEM Kolkata Hostel,Hostel,Light Rain,False,None,False,,317
2024-02-02,Bistro 1,Restaurant,Light Rain,False,Local Festival,True,4.2,208
2024-02-02,Hostel B,Hostel,Clear,False,None,False,,148
2024-02-02,Spice Grill,Restaurant,Clear,False,None,False,4.5,198
2024-02-02,UEM Kolkata Hostel,Hostel,Clear,False,None,False,,294
2024-02-03,Bistro 1,Restaurant,Clear,False,None,False,3.9,175
2024-02-03,Hostel B,Hostel,Light Rain,False,None,False,,139
2024-02-03,Spice Grill,Restaurant,Light Rain,False,None,False,4.6,257
2024-02-03,UEM Kolkata Hostel,Hostel,Clear,False,None,False,,303
2024-02-04,Bistro 1,Restaurant,Cloudy,False,None,False,3.6,140
2024-02-04,Hostel B,Hostel,Clear,False,None,False,,135
2024-02-04,Spice Grill,Restaurant,Heavy Rain,False,None,False,4.7,135
2024-02-04,UEM Kolkata Hostel,Hostel,Clear,False,Sports Match,False,,280
2024-02-05,Bistro 1,Restaurant,Clear,False,Local Festival,True,4.8,224
2024-02-05,Hostel B,Hostel,Light Rain,False,None,False,,151
2024-02-05,Spice Grill,Restaurant,Cloudy,False,None,False,4.1,194
2024-02-05,UEM Kolkata Hostel,Hostel,Light Rain,False,None,False,,308
2024-02-06,Bistro 1,Restaurant,Clear,False,None,True,4.7,203
2024-02-06,Hostel B,Hostel,Clear,False,None,False,,154
2024-02-06,Spice Grill,Restaurant,Clear,False,None,False,4.3,211
2024-02-06,UEM Kolkata Hostel,Hostel,Clear,False,None,False,,309
2024-02-07,Bistro 1,Restaurant,Clear,False,Local Festival,True,3.6,189
2024-02-07,Hostel B,Hostel,Clear,False,None,False,,158
2024-02-07,Spice Grill,Restaurant,Clear,False,None,True,3.8,189
2024-02-07,UEM Kolkata Hostel,Hostel,Light Rain,False,None,False,,290
2024-02-08,Bistro 1,Restaurant,Cloudy,False,None,True,4.3,171
2024-02-08,Hostel B,Hostel,Clear,False,None,False,,135
2024-02-08,Spice Grill,Restaurant,Heatwave,False,None,True,4.0,182
2024-02-08,UEM Kolkata Hostel,Hostel,Light Rain,False,None,False,,303
2024-02-09,Bistro 1,Restaurant,Clear,False,None,False,4.2,118
2024-02-09,Hostel B,Hostel,Light Rain,False,None,False,,148
2024-02-09,Spice Grill,Restaurant,Cloudy,False,None,False,3.9,218
2024-02-09,UEM Kolkata Hostel,Hostel,Clear,False,None,False,,326
2024-02-10,Bistro 1,Restaurant,Cloudy,False,None,False,4.8,153
2024-02-10,Hostel B,Hostel,Cloudy,False,None,False,,161
2024-02-10,Spice Grill,Restaurant,Clear,False,None,False,3.5,286
2024-02-10,UEM Kolkata Hostel,Hostel,Heavy Rain,False,None,False,,304
2024-02-11,Bistro 1,Restaurant,Heatwave,False,None,True,4.9,231
2024-02-11,Hostel B,Hostel,Heatwave,False,None,False,,164
2024-02-11,Spice Grill,Restaurant,Heatwave,False,Local Festival,True,4.0,342
2024-02-11,UEM Kolkata Hostel,Hostel,Clear,False,None,False,,285
2024-02-12,Bistro 1,Restaurant,Cloudy,False,None,True,4.7,182
2024-02-12,Hostel B,Hostel,Light Rain,False,None,False,,140
2024-02-12,Spice Grill,Restaurant,Heatwave,False,Sports Match,False,3.8,272
2024-02-12,UEM Kolkata Hostel,Hostel,Clear,False,None,False,,289
2024-02-13,Bistro 1,Restaurant,Cloudy,False,None,True,4.0,124
2024-02-13,Hostel B,Hostel,Clear,False,None,False,,136
2024-02-13,Spice Grill,Restaurant,Clear,False,None,True,4.8,335
2024-02-13,UEM Kolkata Hostel,Hostel,Light Rain,False,None,False,,302
2024-02-14,Bistro 1,Restaurant,Clear,False,None,False,4.6,132
2024-02-14,Hostel B,Hostel,Heatwave,False,None,False,,158
2024-02-14,Spice Grill,Restaurant,Cloudy,False,None,True,3.6,217
2024-02-14,UEM Kolkata Hostel,Hostel,Heavy Rain,False,None,False,,345
2024-02-15,Bistro 1,Restaurant,Cloudy,False,None,True,3.6,114
2024-02-15,Hostel B,Hostel,Light Rain,False,Local Festival,False,,35
2024-02-15,Spice Grill,Restaurant,Clear,False,None,True,4.1,233
2024-02-15,UEM Kolkata Hostel,Hostel,Clear,False,None,False,,312
2024-02-16,Bistro 1,Restaurant,Light Rain,False,None,True,4.7,175
2024-02-16,Hostel B,Hostel,Clear,False,None,False,,155
2024-02-16,Spice Grill,Restaurant,Cloudy,False,None,False,3.9,209
2024-02-16,UEM Kolkata Hostel,Hostel,Light Rain,False,None,False,,280
2024-02-17,Bistro 1,Restaurant,Clear,False,None,False,4.2,150
2024-02-17,Hostel B,Hostel,Cloudy,False,None,False,,161
2024-02-17,Spice Grill,Restaurant,Clear,False,None,True,4.3,390
2024-02-17,UEM Kolkata Hostel,Hostel,Light Rain,False,None,False,,305
2024-02-18,Bistro 1,Restaurant,Clear,False,None,False,3.7,173
2024-02-18,Hostel B,Hostel,Light Rain,False,Concert,False,,156
2024-02-18,Spice Grill,Restaurant,Cloudy,False,None,True,4.8,407
2024-02-18,UEM Kolkata Hostel,Hostel,Cloudy,False,None,False,,303
2024-02-19,Bistro 1,Restaurant,Cloudy,False,None,False,4.1,119
2024-02-19,Hostel B,Hostel,Clear,False,None,False,,140
2024-02-19,Spice Grill,Restaurant,Clear,False,None,False,4.2,207
2024-02-19,UEM Kolkata Hostel,Hostel,Clear,False,None,False,,271
2024-02-20,Bistro 1,Restaurant,Clear,False,None,True,4.4,212
2024-02-20,Hostel B,Hostel,Light Rain,False,None,False,,148
2024-02-20,Spice Grill,Restaurant,Clear,False,None,False,3.9,223
2024-02-20,UEM Kolkata Hostel,Hostel,Clear,False,None,False,,275
2024-02-21,Bistro 1,Restaurant,Heatwave,False,None,False,4.0,121
2024-02-21,Hostel B,Hostel,Light Rain,False,None,False,,136
2024-02-21,Spice Grill,Restaurant,Light Rain,False,None,False,3.8,185
2024-02-21,UEM Kolkata Hostel,Hostel,Clear,False,None,False,,311
2024-02-22,Bistro 1,Restaurant,Cloudy,False,None,True,3.8,109
2024-02-22,Hostel B,Hostel,Cloudy,False,None,False,,150
2024-02-22,Spice Grill,Restaurant,Clear,False,None,True,3.9,228
2024-02-22,UEM Kolkata Hostel,Hostel,Heatwave,False,None,False,,307
2024-02-23,Bistro 1,Restaurant,Clear,False,None,False,5.0,117
2024-02-23,Hostel B,Hostel,Cloudy,False,None,False,,136
2024-02-23,Spice Grill,Restaurant,Cloudy,False,None,True,4.1,203
2024-02-23,UEM Kolkata Hostel,Hostel,Clear,False,None,False,,293
2024-02-24,Bistro 1,Restaurant,Light Rain,False,None,False,3.6,157
2024-02-24,Hostel B,Hostel,Cloudy,False,None,False,,157
2024-02-24,Spice Grill,Restaurant,Light Rain,False,None,False,4.0,236
2024-02-24,UEM Kolkata Hostel,Hostel,Clear,False,None,False,,313
2024-02-25,Bistro 1,Restaurant,Clear,False,None,True,4.5,260
2024-02-25,Hostel B,Hostel,Light Rain,False,Local Festival,False,,28
2024-02-25,Spice Grill,Restaurant,Clear,False,None,True,4.2,445
2024-02-25,UEM Kolkata Hostel,Hostel,Clear,False,None,False,,317
2024-02-26,Bistro 1,Restaurant,Clear,False,Sports Match,False,4.9,171
2024-02-26,Hostel B,Hostel,Clear,False,None,False,,164
2024-02-26,Spice Grill,Restaurant,Clear,False,None,False,4.2,186
2024-02-26,UEM Kolkata Hostel,Hostel,Heatwave,False,None,False,,286
2024-02-27,Bistro 1,Restaurant,Clear,False,None,True,4.1,115
2024-02-27,Hostel B,Hostel,Clear,False,None,False,,146
2024-02-27,Spice Grill,Restaurant,Cloudy,False,None,True,4.2,276
2024-02-27,UEM Kolkata Hostel,Hostel,Cloudy,False,Local Festival,False,,97
2024-02-28,Bistro 1,Restaurant,Clear,False,Sports Match,True,4.7,237
2024-02-28,Hostel B,Hostel,Cloudy,False,None,False,,156
2024-02-28,Spice Grill,Restaurant,Clear,False,None,True,4.1,220
2024-02-28,UEM Kolkata Hostel,Hostel,Light Rain,False,None,False,,320
2024-02-29,Bistro 1,Restaurant,Clear,False,None,True,3.7,127
2024-02-29,Hostel B,Hostel,Clear,False,None,False,,137
2024-02-29,Spice Grill,Restaurant,Clear,False,None,True,4.7,295
2024-02-29,UEM Kolkata Hostel,Hostel,Heavy Rain,False,None,False,,343
2024-03-01,Bistro 1,Restaurant,Light Rain,False,None,False,4.6,126
2024-03-01,Hostel B,Hostel,Cloudy,False,None,False,,160
2024-03-01,Spice Grill,Restaurant,Light Rain,False,None,False,5.0,215
2024-03-01,UEM Kolkata Hostel,Hostel,Light Rain,False,Local Festival,False,,70
2024-03-02,Bistro 1,Restaurant,Clear,False,None,False,3.8,185
2024-03-02,Hostel B,Hostel,Heatwave,False,None,False,,151
2024-03-02,Spice Grill,Restaurant,Cloudy,False,Concert,False,4.8,394
2024-03-02,UEM Kolkata Hostel,Hostel,Clear,False,None,False,,282
2024-03-03,Bistro 1,Restaurant,Clear,False,None,False,4.6,188
2024-03-03,Hostel B,Hostel,Cloudy,False,None,False,,152
2024-03-03,Spice Grill,Restaurant,Clear,False,None,True,4.0,293
2024-03-03,UEM Kolkata Hostel,Hostel,Clear,False,None,False,,319
2024-03-04,Bistro 1,Restaurant,Clear,False,None,False,4.2,127
2024-03-04,Hostel B,Hostel,Clear,False,None,False,,138
2024-03-04,Spice Grill,Restaurant,Clear,False,None,False,3.6,197
2024-03-04,UEM Kolkata Hostel,Hostel,Light Rain,False,Local Festival,False,,72
2024-03-05,Bistro 1,Restaurant,Clear,False,None,True,4.0,122
2024-03-05,Hostel B,Hostel,Cloudy,False,Sports Match,False,,138
2024-03-05,Spice Grill,Restaurant,Cloudy,False,None,True,4.6,309
2024-03-05,UEM Kolkata Hostel,Hostel,Clear,False,None,False,,322
2024-03-06,Bistro 1,Restaurant,Cloudy,False,Sports Match,False,4.5,169
2024-03-06,Hostel B,Hostel,Clear,False,None,False,,158
2024-03-06,Spice Grill,Restaurant,Cloudy,False,Local Festival,True,4.2,424
2024-03-06,UEM Kolkata Hostel,Hostel,Clear,False,None,False,,323
2024-03-07,Bistro 1,Restaurant,Cloudy,False,None,True,4.5,204
2024-03-07,Hostel B,Hostel,Light Rain,False,None,False,,151
2024-03-07,Spice Grill,Restaurant,Clear,False,None,False,3.8,224
2024-03-07,UEM Kolkata Hostel,Hostel,Clear,False,None,False,,271
2024-03-08,Bistro 1,Restaurant,Clear,False,Sports Match,True,4.2,286
2024-03-08,Hostel B,Hostel,Clear,False,None,False,,142
2024-03-08,Spice Grill,Restaurant,Heavy Rain,False,None,True,3.6,105
2024-03-08,UEM Kolkata Hostel,Hostel,Heatwave,False,None,False,,304
2024-03-09,Bistro 1,Restaurant,Clear,False,None,False,4.5,147
2024-03-09,Hostel B,Hostel,Clear,False,Local Festival,False,,32
2024-03-09,Spice Grill,Restaurant,Heavy Rain,False,None,False,5.0,146
2024-03-09,UEM Kolkata Hostel,Hostel,Cloudy,False,None,False,,272
2024-03-10,Bistro 1,Restaurant,Cloudy,False,None,False,4.1,142
2024-03-10,Hostel B,Hostel,Clear,False,None,False,,157
2024-03-10,Spice Grill,Restaurant,Light Rain,False,None,True,5.0,416
2024-03-10,UEM Kolkata Hostel,Hostel,Clear,False,Sports Match,False,,317
2024-03-11,Bistro 1,Restaurant,Cloudy,False,None,True,4.5,185
2024-03-11,Hostel B,Hostel,Clear,False,None,False,,140
2024-03-11,Spice Grill,Restaurant,Light Rain,False,Concert,False,3.9,241
2024-03-11,UEM Kolkata Hostel,Hostel,Heatwave,False,None,False,,319
2024-03-12,Bistro 1,Restaurant,Clear,False,Sports Match,False,4.5,155
2024-03-12,Hostel B,Hostel,Clear,False,None,False,,141
2024-03-12,Spice Grill,Restaurant,Cloudy,False,None,False,3.6,197
2024-03-12,UEM Kolkata Hostel,Hostel,Clear,False,None,False,,304
2024-03-13,Bistro 1,Restaurant,Clear,False,None,True,4.8,210
2024-03-13,Hostel B,Hostel,Clear,False,None,False,,161
2024-03-13,Spice Grill,Restaurant,Clear,False,None,False,4.5,206
2024-03-13,UEM Kolkata Hostel,Hostel,Clear,False,None,False,,298
2024-03-14,Bistro 1,Restaurant,Light Rain,False,None,True,4.6,169
2024-03-14,Hostel B,Hostel,Clear,False,None,False,,145
2024-03-14,Spice Grill,Restaurant,Clear,False,None,True,4.4,281
2024-03-14,UEM Kolkata Hostel,Hostel,Cloudy,False,None,False,,310
2024-03-15,Bistro 1,Restaurant,Clear,False,None,False,3.8,134
2024-03-15,Hostel B,Hostel,Heavy Rain,False,None,False,,165
2024-03-15,Spice Grill,Restaurant,Cloudy,False,None,True,4.8,267
2024-03-15,UEM Kolkata Hostel,Hostel,Clear,False,None,False,,311
2024-03-16,Bistro 1,Restaurant,Cloudy,False,Local Festival,True,4.5,312
2024-03-16,Hostel B,Hostel,Cloudy,False,None,False,,140
2024-03-16,Spice Grill,Restaurant,Clear,False,None,False,3.6,326
2024-03-16,UEM Kolkata Hostel,Hostel,Heatwave,False,None,False,,287
2024-03-17,Bistro 1,Restaurant,Heatwave,False,None,True,4.8,254
2024-03-17,Hostel B,Hostel,Clear,False,None,False,,140
2024-03-17,Spice Grill,Restaurant,Clear,False,None,False,4.0,248
2024-03-17,UEM Kolkata Hostel,Hostel,Clear,False,None,False,,271
2024-03-18,Bistro 1,Restaurant,Clear,False,Concert,False,3.9,192
2024-03-18,Hostel B,Hostel,Heatwave,False,None,False,,141
2024-03-18,Spice Grill,Restaurant,Clear,False,None,False,4.2,230
2024-03-18,UEM Kolkata Hostel,Hostel,Heatwave,False,None,False,,297
2024-03-19,Bistro 1,Restaurant,Light Rain,False,Local Festival,True,4.0,167
2024-03-19,Hostel B,Hostel,Cloudy,False,None,False,,148
2024-03-19,Spice Grill,Restaurant,Clear,False,None,False,5.0,185
2024-03-19,UEM Kolkata Hostel,Hostel,Cloudy,False,None,False,,293
2024-03-20,Bistro 1,Restaurant,Clear,False,None,True,4.6,200
2024-03-20,Hostel B,Hostel,Clear,False,None,False,,146
2024-03-20,Spice Grill,Restaurant,Clear,False,None,True,3.7,213
2024-03-20,UEM Kolkata Hostel,Hostel,Clear,False,None,False,,292
2024-03-21,Bistro 1,Restaurant,Light Rain,False,None,True,4.2,153
2024-03-21,Hostel B,Hostel,Cloudy,False,Sports Match,False,,139
2024-03-21,Spice Grill,Restaurant,Clear,False,None,False,4.9,196
2024-03-21,UEM Kolkata Hostel,Hostel,Clear,False,None,False,,288
2024-03-22,Bistro 1,Restaurant,Clear,False,None,True,3.6,123
2024-03-22,Hostel B,Hostel,Clear,False,None,False,,144
2024-03-22,Spice Grill,Restaurant,Cloudy,False,None,False,3.9,217
2024-03-22,UEM Kolkata Hostel,Hostel,Cloudy,False,None,False,,283
2024-03-23,Bistro 1,Restaurant,Cloudy,False,None,False,3.8,147
2024-03-23,Hostel B,Hostel,Clear,False,None,False,,157
2024-03-23,Spice Grill,Restaurant,Heatwave,False,None,True,4.4,414
2024-03-23,UEM Kolkata Hostel,Hostel,Clear,False,None,False,,294
2024-03-24,Bistro 1,Restaurant,Clear,False,Sports Match,True,4.0,242
2024-03-24,Hostel B,Hostel,Clear,False,None,False,,159
2024-03-24,Spice Grill,Restaurant,Clear,False,Local Festival,True,3.8,435
2024-03-24,UEM Kolkata Hostel,Hostel,Clear,False,None,False,,285
2024-03-25,Bistro 1,Restaurant,Clear,False,None,True,4.6,176
2024-03-25,Hostel B,Hostel,Light Rain,False,None,False,,136
2024-03-25,Spice Grill,Restaurant,Clear,False,None,True,5.0,285
2024-03-25,UEM Kolkata Hostel,Hostel,Clear,False,None,False,,284
2024-03-26,Bistro 1,Restaurant,Clear,False,None,False,4.9,120
2024-03-26,Hostel B,Hostel,Cloudy,False,None,False,,146
2024-03-26,Spice Grill,Restaurant,Cloudy,False,None,False,3.9,187
2024-03-26,UEM Kolkata Hostel,Hostel,Cloudy,False,None,False,,296
2024-03-27,Bistro 1,Restaurant,Heatwave,False,None,False,4.3,127
2024-03-27,Hostel B,Hostel,Heatwave,False,None,False,,156
2024-03-27,Spice Grill,Restaurant,Heatwave,False,Sports Match,True,4.9,424
2024-03-27,UEM Kolkata Hostel,Hostel,Cloudy,False,None,False,,312
2024-03-28,Bistro 1,Restaurant,Clear,False,None,False,3.7,112
2024-03-28,Hostel B,Hostel,Clear,False,None,False,,149
2024-03-28,Spice Grill,Restaurant,Light Rain,False,None,False,4.6,187
2024-03-28,UEM Kolkata Hostel,Hostel,Cloudy,False,None,False,,326
2024-03-29,Bistro 1,Restaurant,Clear,False,None,False,4.7,122
2024-03-29,Hostel B,Hostel,Heatwave,False,Concert,False,,147
2024-03-29,Spice Grill,Restaurant,Heavy Rain,False,None,True,4.9,166
2024-03-29,UEM Kolkata Hostel,Hostel,Cloudy,False,None,False,,273
2024-03-30,Bistro 1,Restaurant,Heatwave,False,None,True,4.3,253
2024-03-30,Hostel B,Hostel,Cloudy,False,None,False,,148
2024-03-30,Spice Grill,Restaurant,Clear,False,Local Festival,True,4.6,438
2024-03-30,UEM Kolkata Hostel,Hostel,Heatwave,False,None,False,,304
2024-03-31,Bistro 1,Restaurant,Clear,False,None,False,4.3,142
2024-03-31,Hostel B,Hostel,Cloudy,False,None,False,,160
2024-03-31,Spice Grill,Restaurant,Clear,False,None,False,4.4,253
2024-03-31,UEM Kolkata Hostel,Hostel,Clear,False,None,False,,312
2024-04-01,Bistro 1,Restaurant,Light Rain,False,None,False,3.5,118
2024-04-01,Hostel B,Hostel,Clear,True,None,False,,118
2024-04-01,Spice Grill,Restaurant,Clear,False,Local Festival,False,3.7,315
2024-04-01,UEM Kolkata Hostel,Hostel,Heatwave,True,Local Festival,False,,88
2024-04-02,Bistro 1,Restaurant,Cloudy,False,None,True,4.6,178
2024-04-02,Hostel B,Hostel,Clear,True,None,False,,116
2024-04-02,Spice Grill,Restaurant,Cloudy,False,None,True,4.4,315
2024-04-02,UEM Kolkata Hostel,Hostel,Clear,True,None,False,,215
2024-04-03,Bistro 1,Restaurant,Cloudy,False,None,False,4.6,108
2024-04-03,Hostel B,Hostel,Light Rain,True,None,False,,128
2024-04-03,Spice Grill,Restaurant,Clear,False,None,True,3.5,207
2024-04-03,UEM Kolkata Hostel,Hostel,Light Rain,True,None,False,,200
2024-04-04,Bistro 1,Restaurant,Light Rain,False,None,True,4.9,156
2024-04-04,Hostel B,Hostel,Clear,True,None,False,,104
2024-04-04,Spice Grill,Restaurant,Light Rain,False,None,False,3.9,214
2024-04-04,UEM Kolkata Hostel,Hostel,Cloudy,True,None,False,,225
2024-04-05,Bistro 1,Restaurant,Clear,False,Local Festival,False,4.9,153
2024-04-05,Hostel B,Hostel,Clear,True,None,False,,103
2024-04-05,Spice Grill,Restaurant,Clear,False,None,False,3.8,198
2024-04-05,UEM Kolkata Hostel,Hostel,Clear,True,Local Festival,False,,61
2024-04-06,Bistro 1,Restaurant,Light Rain,False,None,True,4.5,251
2024-04-06,Hostel B,Hostel,Clear,True,Concert,False,,116
2024-04-06,Spice Grill,Restaurant,Heatwave,False,None,False,4.1,304
2024-04-06,UEM Kolkata Hostel,Hostel,Heatwave,True,None,False,,225
2024-04-07,Bistro 1,Restaurant,Clear,False,None,True,3.8,144
2024-04-07,Hostel B,Hostel,Cloudy,True,None,False,,114
2024-04-07,Spice Grill,Restaurant,Heatwave,False,None,False,5.0,259
2024-04-07,UEM Kolkata Hostel,Hostel,Clear,True,None,False,,251
2024-04-08,Bistro 1,Restaurant,Clear,False,None,True,4.5,170
2024-04-08,Hostel B,Hostel,Clear,True,None,False,,126
2024-04-08,Spice Grill,Restaurant,Light Rain,False,None,False,4.2,195
2024-04-08,UEM Kolkata Hostel,Hostel,Light Rain,True,Local Festival,False,,54
2024-04-09,Bistro 1,Restaurant,Clear,False,None,True,4.9,180
2024-04-09,Hostel B,Hostel,Cloudy,True,None,False,,104
2024-04-09,Spice Grill,Restaurant,Cloudy,False,Sports Match,False,4.5,251
2024-04-09,UEM Kolkata Hostel,Hostel,Heavy Rain,True,None,False,,235
2024-04-10,Bistro 1,Restaurant,Light Rain,False,None,False,3.9,126
2024-04-10,Hostel B,Hostel,Heatwave,True,None,False,,118
2024-04-10,Spice Grill,Restaurant,Clear,False,None,True,4.8,346
2024-04-10,UEM Kolkata Hostel,Hostel,Cloudy,True,None,False,,207
2024-04-11,Bistro 1,Restaurant,Cloudy,False,None,False,4.2,128
2024-04-11,Hostel B,Hostel,Heatwave,True,Local Festival,False,,46
2024-04-11,Spice Grill,Restaurant,Cloudy,False,None,False,3.8,201
2024-04-11,UEM Kolkata Hostel,Hostel,Clear,True,Local Festival,False,,95
2024-04-12,Bistro 1,Restaurant,Heatwave,False,None,True,4.0,118
2024-04-12,Hostel B,Hostel,Clear,True,Concert,False,,126
2024-04-12,Spice Grill,Restaurant,Cloudy,False,None,False,3.9,204
2024-04-12,UEM Kolkata Hostel,Hostel,Cloudy,True,None,False,,199
2024-04-13,Bistro 1,Restaurant,Light Rain,False,None,False,3.9,166
2024-04-13,Hostel B,Hostel,Clear,True,None,False,,127
2024-04-13,Spice Grill,Restaurant,Cloudy,False,None,False,4.1,294
2024-04-13,UEM Kolkata Hostel,Hostel,Clear,True,None,False,,248
2024-04-14,Bistro 1,Restaurant,Heatwave,False,None,True,4.6,217
2024-04-14,Hostel B,Hostel,Clear,True,Local Festival,False,,40
2024-04-14,Spice Grill,Restaurant,Clear,False,None,False,4.7,285
2024-04-14,UEM Kolkata Hostel,Hostel,Clear,True,None,False,,230
2024-04-15,Bistro 1,Restaurant,Clear,False,None,False,4.4,135
2024-04-15,Hostel B,Hostel,Heavy Rain,True,None,False,,106
2024-04-15,Spice Grill,Restaurant,Light Rain,False,None,True,4.5,311
2024-04-15,UEM Kolkata Hostel,Hostel,Cloudy,True,None,False,,262
2024-04-16,Bistro 1,Restaurant,Light Rain,False,None,True,3.7,124
2024-04-16,Hostel B,Hostel,Light Rain,True,None,False,,101
2024-04-16,Spice Grill,Restaurant,Clear,False,None,True,4.7,261
2024-04-16,UEM Kolkata Hostel,Hostel,Cloudy,True,None,False,,267
2024-04-17,Bistro 1,Restaurant,Cloudy,False,None,False,4.2,130
2024-04-17,Hostel B,Hostel,Clear,True,None,False,,106
2024-04-17,Spice Grill,Restaurant,Clear,False,None,True,4.5,332
2024-04-17,UEM Kolkata Hostel,Hostel,Light Rain,True,None,False,,223
2024-04-18,Bistro 1,Restaurant,Clear,False,Concert,True,4.4,281
2024-04-18,Hostel B,Hostel,Clear,True,None,False,,123
2024-04-18,Spice Grill,Restaurant,Heatwave,False,None,False,3.6,185
2024-04-18,UEM Kolkata Hostel,Hostel,Clear,True,None,False,,243
2024-04-19,Bistro 1,Restaurant,Cloudy,False,None,False,4.9,131
2024-04-19,Hostel B,Hostel,Clear,True,Sports Match,False,,110
2024-04-19,Spice Grill,Restaurant,Light Rain,False,Local Festival,True,3.8,268
2024-04-19,UEM Kolkata Hostel,Hostel,Cloudy,True,None,False,,259
2024-04-20,Bistro 1,Restaurant,Clear,False,None,True,5.0,223
2024-04-20,Hostel B,Hostel,Cloudy,True,None,False,,108
2024-04-20,Spice Grill,Restaurant,Light Rain,False,None,False,3.8,280
2024-04-20,UEM Kolkata Hostel,Hostel,Cloudy,True,None,False,,238
2024-04-21,Bistro 1,Restaurant,Heavy Rain,False,None,True,4.6,88
2024-04-21,Hostel B,Hostel,Clear,True,Local Festival,False,,44
2024-04-21,Spice Grill,Restaurant,Heatwave,False,None,True,4.8,445
2024-04-21,UEM Kolkata Hostel,Hostel,Clear,True,None,False,,278
2024-04-22,Bistro 1,Restaurant,Light Rain,False,None,False,4.0,122
2024-04-22,Hostel B,Hostel,Heatwave,True,None,False,,115
2024-04-22,Spice Grill,Restaurant,Clear,False,None,True,4.2,321
2024-04-22,UEM Kolkata Hostel,Hostel,Clear,True,None,False,,279
2024-04-23,Bistro 1,Restaurant,Cloudy,False,None,True,4.2,174
2024-04-23,Hostel B,Hostel,Cloudy,True,None,False,,106
2024-04-23,Spice Grill,Restaurant,Clear,False,None,False,4.1,227
2024-04-23,UEM Kolkata Hostel,Hostel,Heatwave,True,None,False,,268
2024-04-24,Bistro 1,Restaurant,Light Rain,False,None,True,4.1,111
2024-04-24,Hostel B,Hostel,Clear,True,None,False,,116
2024-04-24,Spice Grill,Restaurant,Clear,False,None,False,3.7,228
2024-04-24,UEM Kolkata Hostel,Hostel,Heavy Rain,True,None,False,,245
2024-04-25,Bistro 1,Restaurant,Clear,False,None,True,3.9,131
2024-04-25,Hostel B,Hostel,Clear,True,None,False,,114
2024-04-25,Spice Grill,Restaurant,Light Rain,False,Local Festival,False,4.7,277
2024-04-25,UEM Kolkata Hostel,Hostel,Light Rain,True,None,False,,236
2024-04-26,Bistro 1,Restaurant,Heatwave,False,None,False,3.5,111
2024-04-26,Hostel B,Hostel,Clear,True,None,False,,123
2024-04-26,Spice Grill,Restaurant,Clear,False,Local Festival,True,3.7,312
2024-04-26,UEM Kolkata Hostel,Hostel,Cloudy,True,None,False,,227
2024-04-27,Bistro 1,Restaurant,Light Rain,False,None,True,4.2,275
2024-04-27,Hostel B,Hostel,Clear,True,None,False,,120
2024-04-27,Spice Grill,Restaurant,Heavy Rain,False,None,False,4.7,125
2024-04-27,UEM Kolkata Hostel,Hostel,Clear,True,None,False,,235
2024-04-28,Bistro 1,Restaurant,Clear,False,None,True,4.5,230
2024-04-28,Hostel B,Hostel,Heatwave,True,None,False,,116
2024-04-28,Spice Grill,Restaurant,Clear,False,None,True,4.0,278
2024-04-28,UEM Kolkata Hostel,Hostel,Clear,True,None,False,,245
2024-04-29,Bistro 1,Restaurant,Clear,False,None,True,4.0,124
2024-04-29,Hostel B,Hostel,Heatwave,True,None,False,,123
2024-04-29,Spice Grill,Restaurant,Heatwave,False,None,True,3.7,214
2024-04-29,UEM Kolkata Hostel,Hostel,Cloudy,True,None,False,,224
2024-04-30,Bistro 1,Restaurant,Clear,False,None,True,4.7,185
2024-04-30,Hostel B,Hostel,Clear,True,None,False,,117
2024-04-30,Spice Grill,Restaurant,Clear,False,None,True,4.9,307
2024-04-30,UEM Kolkata Hostel,Hostel,Heatwave,True,Sports Match,False,,269
2024-05-01,Bistro 1,Restaurant,Heatwave,False,None,True,4.9,165
2024-05-01,Hostel B,Hostel,Clear,True,None,False,,111
2024-05-01,Spice Grill,Restaurant,Cloudy,False,None,False,4.0,215
2024-05-01,UEM Kolkata Hostel,Hostel,Heatwave,True,None,False,,239
2024-05-02,Bistro 1,Restaurant,Light Rain,False,None,False,3.7,108
2024-05-02,Hostel B,Hostel,Cloudy,True,None,False,,102
2024-05-02,Spice Grill,Restaurant,Clear,False,None,True,3.8,196
2024-05-02,UEM Kolkata Hostel,Hostel,Clear,True,Concert,False,,235
2024-05-03,Bistro 1,Restaurant,Cloudy,False,None,True,5.0,189
2024-05-03,Hostel B,Hostel,Cloudy,True,None,False,,127
2024-05-03,Spice Grill,Restaurant,Light Rain,False,Local Festival,False,3.6,271
2024-05-03,UEM Kolkata Hostel,Hostel,Clear,True,Sports Match,False,,258
2024-05-04,Bistro 1,Restaurant,Clear,False,None,True,4.4,228
2024-05-04,Hostel B,Hostel,Clear,True,None,False,,125
2024-05-04,Spice Grill,Restaurant,Clear,False,Sports Match,True,4.9,603
2024-05-04,UEM Kolkata Hostel,Hostel,Heatwave,True,Local Festival,False,,86
2024-05-05,Bistro 1,Restaurant,Clear,False,None,False,3.9,171
2024-05-05,Hostel B,Hostel,Light Rain,True,None,False,,114
2024-05-05,Spice Grill,Restaurant,Clear,False,None,False,4.4,328
2024-05-05,UEM Kolkata Hostel,Hostel,Clear,True,None,False,,262
2024-05-06,Bistro 1,Restaurant,Cloudy,False,Local Festival,True,4.6,244
2024-05-06,Hostel B,Hostel,Clear,True,Sports Match,False,,127
2024-05-06,Spice Grill,Restaurant,Light Rain,False,None,True,4.1,192
2024-05-06,UEM Kolkata Hostel,Hostel,Heavy Rain,True,None,False,,280
2024-05-07,Bistro 1,Restaurant,Light Rain,False,None,True,4.0,116
2024-05-07,Hostel B,Hostel,Clear,True,None,False,,111
2024-05-07,Spice Grill,Restaurant,Heatwave,False,None,False,4.1,195
2024-05-07,UEM Kolkata Hostel,Hostel,Clear,True,None,False,,238
2024-05-08,Bistro 1,Restaurant,Clear,False,None,False,4.9,114
2024-05-08,Hostel B,Hostel,Heatwave,True,None,False,,106
2024-05-08,Spice Grill,Restaurant,Heavy Rain,False,None,False,3.8,113
2024-05-08,UEM Kolkata Hostel,Hostel,Heatwave,True,None,False,,252
2024-05-09,Bistro 1,Restaurant,Clear,False,None,True,4.7,190
2024-05-09,Hostel B,Hostel,Clear,True,None,False,,116
2024-05-09,Spice Grill,Restaurant,Light Rain,False,None,True,3.8,190
2024-05-09,UEM Kolkata Hostel,Hostel,Cloudy,True,None,False,,257
2024-05-10,Bistro 1,Restaurant,Cloudy,False,None,False,4.9,130
2024-05-10,Hostel B,Hostel,Clear,True,None,False,,120
2024-05-10,Spice Grill,Restaurant,Cloudy,False,None,True,5.0,316
2024-05-10,UEM Kolkata Hostel,Hostel,Cloudy,True,Sports Match,False,,233
2024-05-11,Bistro 1,Restaurant,Clear,False,None,False,4.9,187
2024-05-11,Hostel B,Hostel,Cloudy,True,None,False,,141
2024-05-11,Spice Grill,Restaurant,Heavy Rain,False,None,True,4.5,213
2024-05-11,UEM Kolkata Hostel,Hostel,Clear,True,None,False,,229
2024-05-12,Bistro 1,Restaurant,Light Rain,False,None,False,4.2,141
2024-05-12,Hostel B,Hostel,Cloudy,True,Sports Match,False,,119
2024-05-12,Spice Grill,Restaurant,Clear,False,None,True,4.9,343
2024-05-12,UEM Kolkata Hostel,Hostel,Heavy Rain,True,None,False,,280
2024-05-13,Bistro 1,Restaurant,Clear,False,Concert,True,3.7,147
2024-05-13,Hostel B,Hostel,Light Rain,True,None,False,,104
2024-05-13,Spice Grill,Restaurant,Clear,False,None,False,3.8,215
2024-05-13,UEM Kolkata Hostel,Hostel,Cloudy,True,None,False,,250
2024-05-14,Bistro 1,Restaurant,Heatwave,False,None,True,4.6,193
2024-05-14,Hostel B,Hostel,Clear,True,None,False,,129
2024-05-14,Spice Grill,Restaurant,Clear,False,None,False,3.7,223
2024-05-14,UEM Kolkata Hostel,Hostel,Clear,True,None,False,,192
2024-05-15,Bistro 1,Restaurant,Clear,False,None,True,4.7,160
2024-05-15,Hostel B,Hostel,Cloudy,True,None,False,,130
2024-05-15,Spice Grill,Restaurant,Light Rain,False,None,False,3.6,200
2024-05-15,UEM Kolkata Hostel,Hostel,Light Rain,True,None,False,,222
2024-05-16,Bistro 1,Restaurant,Heatwave,False,Local Festival,True,4.6,188
2024-05-16,Hostel B,Hostel,Clear,True,Local Festival,False,,24
2024-05-16,Spice Grill,Restaurant,Clear,False,None,True,3.9,211
2024-05-16,UEM Kolkata Hostel,Hostel,Heavy Rain,True,Concert,False,,255
2024-05-17,Bistro 1,Restaurant,Clear,False,None,True,4.3,186
2024-05-17,Hostel B,Hostel,Clear,True,None,False,,115
2024-05-17,Spice Grill,Restaurant,Cloudy,False,None,True,3.6,196
2024-05-17,UEM Kolkata Hostel,Hostel,Cloudy,True,None,False,,214
2024-05-18,Bistro 1,Restaurant,Cloudy,False,None,False,4.5,160
2024-05-18,Hostel B,Hostel,Clear,True,None,False,,131
2024-05-18,Spice Grill,Restaurant,Clear,False,None,True,4.5,437
2024-05-18,UEM Kolkata Hostel,Hostel,Light Rain,True,None,False,,232
2024-05-19,Bistro 1,Restaurant,Clear,False,Local Festival,False,4.0,237
2024-05-19,Hostel B,Hostel,Light Rain,True,None,False,,112
2024-05-19,Spice Grill,Restaurant,Light Rain,False,None,True,5.0,350
2024-05-19,UEM Kolkata Hostel,Hostel,Light Rain,True,None,False,,227
2024-05-20,Bistro 1,Restaurant,Cloudy,False,None,True,3.7,112
2024-05-20,Hostel B,Hostel,Light Rain,True,None,False,,106
2024-05-20,Spice Grill,Restaurant,Clear,False,None,False,4.5,211
2024-05-20,UEM Kolkata Hostel,Hostel,Heavy Rain,True,None,False,,296
2024-05-21,Bistro 1,Restaurant,Heavy Rain,False,None,False,3.9,65
2024-05-21,Hostel B,Hostel,Clear,True,None,False,,107
2024-05-21,Spice Grill,Restaurant,Cloudy,False,None,True,3.6,205
2024-05-21,UEM Kolkata Hostel,Hostel,Clear,True,None,False,,288
2024-05-22,Bistro 1,Restaurant,Clear,False,None,True,4.6,175
2024-05-22,Hostel B,Hostel,Clear,True,None,False,,110
2024-05-22,Spice Grill,Restaurant,Clear,False,Local Festival,True,3.8,243
2024-05-22,UEM Kolkata Hostel,Hostel,Cloudy,True,None,False,,212
2024-05-23,Bistro 1,Restaurant,Clear,False,None,False,4.5,119
2024-05-23,Hostel B,Hostel,Light Rain,True,None,False,,140
2024-05-23,Spice Grill,Restaurant,Light Rain,False,None,False,3.9,188
2024-05-23,UEM Kolkata Hostel,Hostel,Clear,True,None,False,,258
2024-05-24,Bistro 1,Restaurant,Clear,False,None,True,4.8,188
2024-05-24,Hostel B,Hostel,Cloudy,True,None,False,,137
2024-05-24,Spice Grill,Restaurant,Clear,False,Local Festival,False,4.0,283
2024-05-24,UEM Kolkata Hostel,Hostel,Clear,True,None,False,,235
2024-05-25,Bistro 1,Restaurant,Clear,False,None,True,4.1,180
2024-05-25,Hostel B,Hostel,Clear,True,None,False,,113
2024-05-25,Spice Grill,Restaurant,Clear,False,Sports Match,False,5.0,377
2024-05-25,UEM Kolkata Hostel,Hostel,Clear,True,None,False,,236
2024-05-26,Bistro 1,Restaurant,Clear,False,None,False,3.8,178
2024-05-26,Hostel B,Hostel,Heatwave,True,None,False,,122
2024-05-26,Spice Grill,Restaurant,Cloudy,False,None,True,4.0,228
2024-05-26,UEM Kolkata Hostel,Hostel,Light Rain,True,None,False,,226
2024-05-27,Bistro 1,Restaurant,Light Rain,False,None,False,4.0,121
2024-05-27,Hostel B,Hostel,Heatwave,True,None,False,,108
2024-05-27,Spice Grill,Restaurant,Clear,False,None,False,4.9,193
2024-05-27,UEM Kolkata Hostel,Hostel,Clear,True,None,False,,224
2024-05-28,Bistro 1,Restaurant,Cloudy,False,None,False,4.2,129
2024-05-28,Hostel B,Hostel,Clear,True,None,False,,113
2024-05-28,Spice Grill,Restaurant,Heatwave,False,None,True,4.5,287
2024-05-28,UEM Kolkata Hostel,Hostel,Light Rain,True,None,False,,203
2024-05-29,Bistro 1,Restaurant,Clear,False,None,False,3.8,125
2024-05-29,Hostel B,Hostel,Clear,True,None,False,,96
2024-05-29,Spice Grill,Restaurant,Light Rain,False,None,True,4.3,323
2024-05-29,UEM Kolkata Hostel,Hostel,Cloudy,True,None,False,,237
2024-05-30,Bistro 1,Restaurant,Clear,False,Local Festival,False,3.8,163
2024-05-30,Hostel B,Hostel,Clear,True,None,False,,116
2024-05-30,Spice Grill,Restaurant,Clear,False,None,True,5.0,326
2024-05-30,UEM Kolkata Hostel,Hostel,Clear,True,None,False,,230
2024-05-31,Bistro 1,Restaurant,Clear,False,None,False,3.7,138
2024-05-31,Hostel B,Hostel,Clear,True,None,False,,128
2024-05-31,Spice Grill,Restaurant,Cloudy,False,Sports Match,True,4.7,463
2024-05-31,UEM Kolkata Hostel,Hostel,Cloudy,True,None,False,,274
2024-06-01,Bistro 1,Restaurant,Clear,False,None,True,3.6,177
2024-06-01,Hostel B,Hostel,Light Rain,False,None,False,,154
2024-06-01,Spice Grill,Restaurant,Clear,False,None,True,4.7,394
2024-06-01,UEM Kolkata Hostel,Hostel,Light Rain,False,Sports Match,False,,296
2024-06-02,Bistro 1,Restaurant,Cloudy,False,None,True,3.8,173
2024-06-02,Hostel B,Hostel,Clear,False,None,False,,162
2024-06-02,Spice Grill,Restaurant,Clear,False,None,True,4.5,447
2024-06-02,UEM Kolkata Hostel,Hostel,Cloudy,False,None,False,,294
2024-06-03,Bistro 1,Restaurant,Clear,False,None,False,4.4,119
2024-06-03,Hostel B,Hostel,Clear,False,None,False,,160
2024-06-03,Spice Grill,Restaurant,Clear,False,Local Festival,True,3.6,238
2024-06-03,UEM Kolkata Hostel,Hostel,Light Rain,False,None,False,,272
2024-06-04,Bistro 1,Restaurant,Clear,False,None,False,4.2,125
2024-06-04,Hostel B,Hostel,Heavy Rain,False,Sports Match,False,,166
2024-06-04,Spice Grill,Restaurant,Cloudy,False,None,True,3.8,213
2024-06-04,UEM Kolkata Hostel,Hostel,Clear,False,None,False,,314
2024-06-05,Bistro 1,Restaurant,Clear,False,Sports Match,True,4.8,248
2024-06-05,Hostel B,Hostel,Light Rain,False,None,False,,135
2024-06-05,Spice Grill,Restaurant,Clear,False,Sports Match,False,4.0,307
2024-06-05,UEM Kolkata Hostel,Hostel,Clear,False,Sports Match,False,,324
2024-06-06,Bistro 1,Restaurant,Cloudy,False,None,True,4.0,110
2024-06-06,Hostel B,Hostel,Cloudy,False,None,False,,147
2024-06-06,Spice Grill,Restaurant,Clear,False,None,True,3.9,211
2024-06-06,UEM Kolkata Hostel,Hostel,Light Rain,False,None,False,,279
2024-06-07,Bistro 1,Restaurant,Clear,False,None,False,4.6,132
2024-06-07,Hostel B,Hostel,Clear,False,None,False,,139
2024-06-07,Spice Grill,Restaurant,Cloudy,False,None,False,4.3,199
2024-06-07,UEM Kolkata Hostel,Hostel,Clear,False,None,False,,294
2024-06-08,Bistro 1,Restaurant,Cloudy,False,None,False,3.9,156
2024-06-08,Hostel B,Hostel,Clear,False,Concert,False,,143
2024-06-08,Spice Grill,Restaurant,Clear,False,None,False,4.5,255
2024-06-08,UEM Kolkata Hostel,Hostel,Clear,False,None,False,,326
2024-06-09,Bistro 1,Restaurant,Light Rain,False,None,True,3.8,179
2024-06-09,Hostel B,Hostel,Clear,False,None,False,,139
2024-06-09,Spice Grill,Restaurant,Light Rain,False,None,False,4.2,282
2024-06-09,UEM Kolkata Hostel,Hostel,Cloudy,False,None,False,,321
2024-06-10,Bistro 1,Restaurant,Cloudy,False,None,True,4.0,122
2024-06-10,Hostel B,Hostel,Cloudy,False,Local Festival,False,,56
2024-06-10,Spice Grill,Restaurant,Light Rain,False,None,True,4.2,295
2024-06-10,UEM Kolkata Hostel,Hostel,Cloudy,False,None,False,,274
2024-06-11,Bistro 1,Restaurant,Heavy Rain,False,None,True,4.7,87
2024-06-11,Hostel B,Hostel,Cloudy,False,None,False,,135
2024-06-11,Spice Grill,Restaurant,Clear,False,None,False,4.3,204
2024-06-11,UEM Kolkata Hostel,Hostel,Heatwave,False,None,False,,287
2024-06-12,Bistro 1,Restaurant,Cloudy,False,None,True,3.9,113
2024-06-12,Hostel B,Hostel,Clear,False,None,False,,138
2024-06-12,Spice Grill,Restaurant,Clear,False,None,True,4.7,288
2024-06-12,UEM Kolkata Hostel,Hostel,Cloudy,False,None,False,,324
2024-06-13,Bistro 1,Restaurant,Cloudy,False,None,True,3.9,131
2024-06-13,Hostel B,Hostel,Clear,False,None,False,,147
2024-06-13,Spice Grill,Restaurant,Cloudy,False,None,False,4.0,194
2024-06-13,UEM Kolkata Hostel,Hostel,Clear,False,None,False,,270
2024-06-14,Bistro 1,Restaurant,Clear,False,None,True,3.8,136
2024-06-14,Hostel B,Hostel,Cloudy,False,None,False,,163
2024-06-14,Spice Grill,Restaurant,Cloudy,False,Sports Match,True,4.5,405
2024-06-14,UEM Kolkata Hostel,Hostel,Clear,False,None,False,,280
2024-06-15,Bistro 1,Restaurant,Cloudy,False,None,True,4.8,194
2024-06-15,Hostel B,Hostel,Clear,False,None,False,,147
2024-06-15,Spice Grill,Restaurant,Clear,False,Concert,True,3.8,379
2024-06-15,UEM Kolkata Hostel,Hostel,Clear,False,None,False,,321
2024-06-16,Bistro 1,Restaurant,Clear,False,Local Festival,False,4.3,265
2024-06-16,Hostel B,Hostel,Light Rain,False,None,False,,148
2024-06-16,Spice Grill,Restaurant,Clear,False,None,True,4.9,399
2024-06-16,UEM Kolkata Hostel,Hostel,Clear,False,None,False,,279
2024-06-17,Bistro 1,Restaurant,Clear,False,None,True,4.7,205
2024-06-17,Hostel B,Hostel,Clear,False,None,False,,139
2024-06-17,Spice Grill,Restaurant,Clear,False,None,True,4.3,299
2024-06-17,UEM Kolkata Hostel,Hostel,Heavy Rain,False,None,False,,298
2024-06-18,Bistro 1,Restaurant,Clear,False,None,True,4.7,186
2024-06-18,Hostel B,Hostel,Heatwave,False,None,False,,148
2024-06-18,Spice Grill,Restaurant,Clear,False,None,False,3.9,229
2024-06-18,UEM Kolkata Hostel,Hostel,Clear,False,None,False,,321
2024-06-19,Bistro 1,Restaurant,Light Rain,False,None,False,4.7,120
2024-06-19,Hostel B,Hostel,Clear,False,None,False,,140
2024-06-19,Spice Grill,Restaurant,Heatwave,False,None,False,3.8,209
2024-06-19,UEM Kolkata Hostel,Hostel,Clear,False,None,False,,297
2024-06-20,Bistro 1,Restaurant,Clear,False,None,False,4.1,127
2024-06-20,Hostel B,Hostel,Clear,False,None,False,,157
2024-06-20,Spice Grill,Restaurant,Light Rain,False,None,True,3.6,210
2024-06-20,UEM Kolkata Hostel,Hostel,Clear,False,None,False,,302
2024-06-21,Bistro 1,Restaurant,Cloudy,False,None,False,4.5,121
2024-06-21,Hostel B,Hostel,Cloudy,False,None,False,,153
2024-06-21,Spice Grill,Restaurant,Clear,False,None,False,4.0,200
2024-06-21,UEM Kolkata Hostel,Hostel,Clear,False,None,False,,316
2024-06-22,Bistro 1,Restaurant,Clear,False,None,False,4.3,172
2024-06-22,Hostel B,Hostel,Clear,False,None,False,,144
2024-06-22,Spice Grill,Restaurant,Light Rain,False,Concert,False,3.7,394
2024-06-22,UEM Kolkata Hostel,Hostel,Cloudy,False,None,False,,279
2024-06-23,Bistro 1,Restaurant,Light Rain,False,None,True,4.2,218
2024-06-23,Hostel B,Hostel,Cloudy,False,None,False,,147
2024-06-23,Spice Grill,Restaurant,Clear,False,None,True,3.8,315
2024-06-23,UEM Kolkata Hostel,Hostel,Clear,False,None,False,,297
2024-06-24,Bistro 1,Restaurant,Light Rain,False,None,False,4.5,130
2024-06-24,Hostel B,Hostel,Clear,False,None,False,,147
2024-06-24,Spice Grill,Restaurant,Cloudy,False,None,False,3.9,186
2024-06-24,UEM Kolkata Hostel,Hostel,Cloudy,False,Local Festival,False,,82
2024-06-25,Bistro 1,Restaurant,Light Rain,False,None,False,3.7,114
2024-06-25,Hostel B,Hostel,Clear,False,Sports Match,False,,163
2024-06-25,Spice Grill,Restaurant,Clear,False,None,False,4.4,210
2024-06-25,UEM Kolkata Hostel,Hostel,Cloudy,False,None,False,,270
2024-06-26,Bistro 1,Restaurant,Clear,False,None,False,4.3,122
2024-06-26,Hostel B,Hostel,Clear,False,None,False,,161
2024-06-26,Spice Grill,Restaurant,Light Rain,False,None,False,3.5,216
2024-06-26,UEM Kolkata Hostel,Hostel,Clear,False,None,False,,313
2024-06-27,Bistro 1,Restaurant,Clear,False,None,False,3.5,136
2024-06-27,Hostel B,Hostel,Cloudy,False,None,False,,137
2024-06-27,Spice Grill,Restaurant,Clear,False,Sports Match,True,3.7,240
2024-06-27,UEM Kolkata Hostel,Hostel,Clear,False,None,False,,283
2024-06-28,Bistro 1,Restaurant,Heavy Rain,False,Local Festival,True,4.7,141
2024-06-28,Hostel B,Hostel,Clear,False,None,False,,137
2024-06-28,Spice Grill,Restaurant,Clear,False,None,True,3.9,229
2024-06-28,UEM Kolkata Hostel,Hostel,Heatwave,False,None,False,,277
2024-06-29,Bistro 1,Restaurant,Clear,False,None,True,4.4,204
2024-06-29,Hostel B,Hostel,Cloudy,False,None,False,,147
2024-06-29,Spice Grill,Restaurant,Clear,False,None,False,4.9,253
2024-06-29,UEM Kolkata Hostel,Hostel,Clear,False,None,False,,293
2024-06-30,Bistro 1,Restaurant,Clear,False,None,False,4.2,157
2024-06-30,Hostel B,Hostel,Cloudy,False,None,False,,139
2024-06-30,Spice Grill,Restaurant,Clear,False,None,False,4.9,280
2024-06-30,UEM Kolkata Hostel,Hostel,Clear,False,None,False,,295
2024-07-01,Bistro 1,Restaurant,Heatwave,False,None,False,4.1,110
2024-07-01,Hostel B,Hostel,Clear,False,Sports Match,False,,142
2024-07-01,Spice Grill,Restaurant,Clear,False,None,True,3.9,202
2024-07-01,UEM Kolkata Hostel,Hostel,Heatwave,False,None,False,,272
2024-07-02,Bistro 1,Restaurant,Clear,False,Local Festival,True,4.4,234
2024-07-02,Hostel B,Hostel,Light Rain,False,None,False,,150
2024-07-02,Spice Grill,Restaurant,Cloudy,False,None,True,4.8,306
2024-07-02,UEM Kolkata Hostel,Hostel,Heatwave,False,Concert,False,,306
2024-07-03,Bistro 1,Restaurant,Clear,False,None,False,3.7,118
2024-07-03,Hostel B,Hostel,Heatwave,False,None,False,,159
2024-07-03,Spice Grill,Restaurant,Heavy Rain,False,Local Festival,True,4.2,218
2024-07-03,UEM Kolkata Hostel,Hostel,Clear,False,None,False,,284
2024-07-04,Bistro 1,Restaurant,Heatwave,False,None,False,4.0,122
2024-07-04,Hostel B,Hostel,Cloudy,False,None,False,,161
2024-07-04,Spice Grill,Restaurant,Clear,False,None,True,4.1,193
2024-07-04,UEM Kolkata Hostel,Hostel,Clear,False,None,False,,271
2024-07-05,Bistro 1,Restaurant,Cloudy,False,None,False,4.4,123
2024-07-05,Hostel B,Hostel,Light Rain,False,None,False,,135
2024-07-05,Spice Grill,Restaurant,Clear,False,Sports Match,True,4.5,371
2024-07-05,UEM Kolkata Hostel,Hostel,Clear,False,None,False,,271
2024-07-06,Bistro 1,Restaurant,Clear,False,None,True,3.8,183
2024-07-06,Hostel B,Hostel,Clear,False,None,False,,141
2024-07-06,Spice Grill,Restaurant,Clear,False,Sports Match,False,4.7,386
2024-07-06,UEM Kolkata Hostel,Hostel,Clear,False,None,False,,311
2024-07-07,Bistro 1,Restaurant,Clear,False,Sports Match,False,4.1,219
2024-07-07,Hostel B,Hostel,Heatwave,False,None,False,,149
2024-07-07,Spice Grill,Restaurant,Light Rain,False,None,False,3.8,257
2024-07-07,UEM Kolkata Hostel,Hostel,Light Rain,False,None,False,,285
2024-07-08,Bistro 1,Restaurant,Cloudy,False,None,False,4.8,125
2024-07-08,Hostel B,Hostel,Clear,False,None,False,,140
2024-07-08,Spice Grill,Restaurant,Cloudy,False,Sports Match,True,4.9,457
2024-07-08,UEM Kolkata Hostel,Hostel,Light Rain,False,None,False,,326
2024-07-09,Bistro 1,Restaurant,Clear,False,None,True,4.1,129
2024-07-09,Hostel B,Hostel,Clear,False,None,False,,140
2024-07-09,Spice Grill,Restaurant,Heavy Rain,False,None,True,4.6,163
2024-07-09,UEM Kolkata Hostel,Hostel,Clear,False,None,False,,273
2024-07-10,Bistro 1,Restaurant,Clear,False,None,True,4.5,160
2024-07-10,Hostel B,Hostel,Heatwave,False,None,False,,145
2024-07-10,Spice Grill,Restaurant,Light Rain,False,None,True,4.0,183
2024-07-10,UEM Kolkata Hostel,Hostel,Cloudy,False,Local Festival,False,,108
2024-07-11,Bistro 1,Restaurant,Clear,False,None,False,4.0,132
2024-07-11,Hostel B,Hostel,Clear,False,None,False,,137
2024-07-11,Spice Grill,Restaurant,Clear,False,None,True,4.3,314
2024-07-11,UEM Kolkata Hostel,Hostel,Light Rain,False,None,False,,320
2024-07-12,Bistro 1,Restaurant,Light Rain,False,None,True,4.6,178
2024-07-12,Hostel B,Hostel,Heavy Rain,False,None,False,,150
2024-07-12,Spice Grill,Restaurant,Clear,False,None,False,4.7,222
2024-07-12,UEM Kolkata Hostel,Hostel,Clear,False,None,False,,290
2024-07-13,Bistro 1,Restaurant,Light Rain,False,None,False,4.4,165
2024-07-13,Hostel B,Hostel,Clear,False,None,False,,145
2024-07-13,Spice Grill,Restaurant,Clear,False,None,True,3.7,259
2024-07-13,UEM Kolkata Hostel,Hostel,Light Rain,False,None,False,,270
2024-07-14,Bistro 1,Restaurant,Clear,False,None,False,4.3,176
2024-07-14,Hostel B,Hostel,Heavy Rain,False,None,False,,146
2024-07-14,Spice Grill,Restaurant,Clear,False,None,True,4.4,359
2024-07-14,UEM Kolkata Hostel,Hostel,Heatwave,False,None,False,,297
2024-07-15,Bistro 1,Restaurant,Clear,False,None,True,3.6,130
2024-07-15,Hostel B,Hostel,Heatwave,False,None,False,,161
2024-07-15,Spice Grill,Restaurant,Clear,False,None,True,4.2,260
2024-07-15,UEM Kolkata Hostel,Hostel,Clear,False,None,False,,324
2024-07-16,Bistro 1,Restaurant,Light Rain,False,None,True,4.7,199
2024-07-16,Hostel B,Hostel,Light Rain,False,None,False,,163
2024-07-16,Spice Grill,Restaurant,Clear,False,None,False,3.9,206
2024-07-16,UEM Kolkata Hostel,Hostel,Clear,False,Concert,False,,325
2024-07-17,Bistro 1,Restaurant,Cloudy,False,None,True,3.5,115
2024-07-17,Hostel B,Hostel,Light Rain,False,None,False,,159
2024-07-17,Spice Grill,Restaurant,Cloudy,False,None,False,3.9,202
2024-07-17,UEM Kolkata Hostel,Hostel,Heavy Rain,False,None,False,,315
2024-07-18,Bistro 1,Restaurant,Light Rain,False,None,False,4.5,123
2024-07-18,Hostel B,Hostel,Light Rain,False,None,False,,142
2024-07-18,Spice Grill,Restaurant,Clear,False,None,False,4.7,205
2024-07-18,UEM Kolkata Hostel,Hostel,Light Rain,False,None,False,,329
2024-07-19,Bistro 1,Restaurant,Light Rain,False,None,True,4.4,157
2024-07-19,Hostel B,Hostel,Clear,False,None,False,,149
2024-07-19,Spice Grill,Restaurant,Heavy Rain,False,Concert,False,5.0,107
2024-07-19,UEM Kolkata Hostel,Hostel,Clear,False,Concert,False,,322
2024-07-20,Bistro 1,Restaurant,Light Rain,False,None,False,4.9,173
2024-07-20,Hostel B,Hostel,Heatwave,False,Concert,False,,144
2024-07-20,Spice Grill,Restaurant,Clear,False,None,False,4.4,299
2024-07-20,UEM Kolkata Hostel,Hostel,Cloudy,False,None,False,,313
2024-07-21,Bistro 1,Restaurant,Clear,False,None,False,4.0,146
2024-07-21,Hostel B,Hostel,Clear,False,None,False,,136
2024-07-21,Spice Grill,Restaurant,Clear,False,Sports Match,True,4.6,534
2024-07-21,UEM Kolkata Hostel,Hostel,Clear,False,Local Festival,False,,118
2024-07-22,Bistro 1,Restaurant,Cloudy,False,None,False,4.9,122
2024-07-22,Hostel B,Hostel,Clear,False,None,False,,146
2024-07-22,Spice Grill,Restaurant,Clear,False,None,True,4.7,304
2024-07-22,UEM Kolkata Hostel,Hostel,Clear,False,None,False,,280
2024-07-23,Bistro 1,Restaurant,Clear,False,None,True,3.8,139
2024-07-23,Hostel B,Hostel,Light Rain,False,None,False,,146
2024-07-23,Spice Grill,Restaurant,Clear,False,None,True,3.7,186
2024-07-23,UEM Kolkata Hostel,Hostel,Heatwave,False,None,False,,314
2024-07-24,Bistro 1,Restaurant,Heavy Rain,False,None,False,4.6,68
2024-07-24,Hostel B,Hostel,Cloudy,False,None,False,,154
2024-07-24,Spice Grill,Restaurant,Clear,False,None,False,4.3,197
2024-07-24,UEM Kolkata Hostel,Hostel,Clear,False,Sports Match,False,,285
2024-07-25,Bistro 1,Restaurant,Heatwave,False,None,False,3.7,112
2024-07-25,Hostel B,Hostel,Light Rain,False,None,False,,135
2024-07-25,Spice Grill,Restaurant,Clear,False,None,True,3.5,193
2024-07-25,UEM Kolkata Hostel,Hostel,Heatwave,False,None,False,,298
2024-07-26,Bistro 1,Restaurant,Cloudy,False,None,False,4.6,131
2024-07-26,Hostel B,Hostel,Cloudy,False,None,False,,156
2024-07-26,Spice Grill,Restaurant,Clear,False,None,False,4.6,216
2024-07-26,UEM Kolkata Hostel,Hostel,Cloudy,False,None,False,,323
2024-07-27,Bistro 1,Restaurant,Heavy Rain,False,None,False,3.9,72
2024-07-27,Hostel B,Hostel,Clear,False,None,False,,154
2024-07-27,Spice Grill,Restaurant,Heatwave,False,None,True,4.5,390
2024-07-27,UEM Kolkata Hostel,Hostel,Clear,False,None,False,,278
2024-07-28,Bistro 1,Restaurant,Cloudy,False,None,True,4.9,242
2024-07-28,Hostel B,Hostel,Cloudy,False,Local Festival,False,,48
2024-07-28,Spice Grill,Restaurant,Light Rain,False,None,False,3.9,246
2024-07-28,UEM Kolkata Hostel,Hostel,Cloudy,False,None,False,,298
2024-07-29,Bistro 1,Restaurant,Clear,False,None,True,4.3,177
2024-07-29,Hostel B,Hostel,Cloudy,False,None,False,,141
2024-07-29,Spice Grill,Restaurant,Clear,False,Sports Match,True,4.1,310
2024-07-29,UEM Kolkata Hostel,Hostel,Light Rain,False,None,False,,300
2024-07-30,Bistro 1,Restaurant,Clear,False,None,False,4.7,131
2024-07-30,Hostel B,Hostel,Clear,False,None,False,,154
2024-07-30,Spice Grill,Restaurant,Clear,False,Local Festival,True,4.8,392
2024-07-30,UEM Kolkata Hostel,Hostel,Clear,False,None,False,,280
2024-07-31,Bistro 1,Restaurant,Clear,False,None,True,4.0,132
2024-07-31,Hostel B,Hostel,Clear,False,None,False,,159
2024-07-31,Spice Grill,Restaurant,Clear,False,Local Festival,False,4.8,298
2024-07-31,UEM Kolkata Hostel,Hostel,Clear,False,None,False,,321
2024-08-01,Bistro 1,Restaurant,Clear,False,None,True,4.8,186
2024-08-01,Hostel B,Hostel,Light Rain,False,Sports Match,False,,138
2024-08-01,Spice Grill,Restaurant,Clear,False,None,False,3.6,221
2024-08-01,UEM Kolkata Hostel,Hostel,Clear,False,Local Festival,False,,79
2024-08-02,Bistro 1,Restaurant,Heatwave,False,None,False,3.9,126
2024-08-02,Hostel B,Hostel,Clear,False,None,False,,136
2024-08-02,Spice Grill,Restaurant,Light Rain,False,Concert,True,3.7,237
2024-08-02,UEM Kolkata Hostel,Hostel,Clear,False,None,False,,277
2024-08-03,Bistro 1,Restaurant,Clear,False,None,True,3.9,144
2024-08-03,Hostel B,Hostel,Light Rain,False,None,False,,164
2024-08-03,Spice Grill,Restaurant,Heatwave,False,None,False,4.5,293
2024-08-03,UEM Kolkata Hostel,Hostel,Clear,False,None,False,,276
2024-08-04,Bistro 1,Restaurant,Cloudy,False,None,False,4.2,155
2024-08-04,Hostel B,Hostel,Cloudy,False,None,False,,156
2024-08-04,Spice Grill,Restaurant,Heavy Rain,False,None,False,4.0,145
2024-08-04,UEM Kolkata Hostel,Hostel,Cloudy,False,None,False,,315
2024-08-05,Bistro 1,Restaurant,Light Rain,False,None,True,4.5,180
2024-08-05,Hostel B,Hostel,Cloudy,False,None,False,,157
2024-08-05,Spice Grill,Restaurant,Clear,False,None,True,4.3,295
2024-08-05,UEM Kolkata Hostel,Hostel,Clear,False,None,False,,295
2024-08-06,Bistro 1,Restaurant,Light Rain,False,None,True,4.5,166
2024-08-06,Hostel B,Hostel,Clear,False,None,False,,140
2024-08-06,Spice Grill,Restaurant,Clear,False,None,True,3.6,220
2024-08-06,UEM Kolkata Hostel,Hostel,Clear,False,None,False,,306
2024-08-07,Bistro 1,Restaurant,Cloudy,False,None,True,4.8,154
2024-08-07,Hostel B,Hostel,Cloudy,False,None,False,,147
2024-08-07,Spice Grill,Restaurant,Cloudy,False,None,True,4.6,329
2024-08-07,UEM Kolkata Hostel,Hostel,Light Rain,False,None,False,,284
2024-08-08,Bistro 1,Restaurant,Heatwave,False,None,True,3.5,122
2024-08-08,Hostel B,Hostel,Light Rain,False,None,False,,147
2024-08-08,Spice Grill,Restaurant,Cloudy,False,None,True,4.4,307
2024-08-08,UEM Kolkata Hostel,Hostel,Clear,False,Sports Match,False,,273
2024-08-09,Bistro 1,Restaurant,Clear,False,None,False,4.4,135
2024-08-09,Hostel B,Hostel,Light Rain,False,None,False,,156
2024-08-09,Spice Grill,Restaurant,Clear,False,None,False,4.5,214
2024-08-09,UEM Kolkata Hostel,Hostel,Clear,False,None,False,,281
2024-08-10,Bistro 1,Restaurant,Clear,False,None,False,3.7,159
2024-08-10,Hostel B,Hostel,Heatwave,False,None,False,,156
2024-08-10,Spice Grill,Restaurant,Light Rain,False,None,True,3.8,233
2024-08-10,UEM Kolkata Hostel,Hostel,Light Rain,False,Concert,False,,274
2024-08-11,Bistro 1,Restaurant,Clear,False,None,True,4.5,254
2024-08-11,Hostel B,Hostel,Clear,False,None,False,,156
2024-08-11,Spice Grill,Restaurant,Cloudy,False,None,True,3.5,224
2024-08-11,UEM Kolkata Hostel,Hostel,Heatwave,False,None,False,,279
2024-08-12,Bistro 1,Restaurant,Clear,False,None,False,4.1,143
2024-08-12,Hostel B,Hostel,Clear,False,Local Festival,False,,41
2024-08-12,Spice Grill,Restaurant,Cloudy,False,None,True,4.9,320
2024-08-12,UEM Kolkata Hostel,Hostel,Clear,False,None,False,,305
2024-08-13,Bistro 1,Restaurant,Light Rain,False,None,False,4.4,113
2024-08-13,Hostel B,Hostel,Heatwave,False,None,False,,143
2024-08-13,Spice Grill,Restaurant,Clear,False,None,True,4.2,340
2024-08-13,UEM Kolkata Hostel,Hostel,Light Rain,False,None,False,,321
2024-08-14,Bistro 1,Restaurant,Light Rain,False,None,True,4.3,181
2024-08-14,Hostel B,Hostel,Clear,False,None,False,,151
2024-08-14,Spice Grill,Restaurant,Clear,False,None,False,4.4,225
2024-08-14,UEM Kolkata Hostel,Hostel,Clear,False,Concert,False,,275
2024-08-15,Bistro 1,Restaurant,Clear,False,None,False,3.7,122
2024-08-15,Hostel B,Hostel,Heavy Rain,False,None,False,,148
2024-08-15,Spice Grill,Restaurant,Heatwave,False,Sports Match,True,4.1,283
2024-08-15,UEM Kolkata Hostel,Hostel,Clear,False,None,False,,314
2024-08-16,Bistro 1,Restaurant,Clear,False,None,True,4.3,148
2024-08-16,Hostel B,Hostel,Clear,False,None,False,,158
2024-08-16,Spice Grill,Restaurant,Clear,False,None,True,4.5,325
2024-08-16,UEM Kolkata Hostel,Hostel,Clear,False,None,False,,319
2024-08-17,Bistro 1,Restaurant,Clear,False,None,True,4.9,250
2024-08-17,Hostel B,Hostel,Cloudy,False,None,False,,137
2024-08-17,Spice Grill,Restaurant,Clear,False,None,True,5.0,362
2024-08-17,UEM Kolkata Hostel,Hostel,Clear,False,None,False,,279
2024-08-18,Bistro 1,Restaurant,Clear,False,Local Festival,False,3.6,222
2024-08-18,Hostel B,Hostel,Cloudy,False,None,False,,150
2024-08-18,Spice Grill,Restaurant,Heatwave,False,None,False,4.4,276
2024-08-18,UEM Kolkata Hostel,Hostel,Clear,False,None,False,,300
2024-08-19,Bistro 1,Restaurant,Clear,False,None,True,4.1,138
2024-08-19,Hostel B,Hostel,Light Rain,False,None,False,,144
2024-08-19,Spice Grill,Restaurant,Light Rain,False,None,True,4.3,286
2024-08-19,UEM Kolkata Hostel,Hostel,Light Rain,False,None,False,,305
2024-08-20,Bistro 1,Restaurant,Clear,False,None,True,3.6,132
2024-08-20,Hostel B,Hostel,Cloudy,False,None,False,,146
2024-08-20,Spice Grill,Restaurant,Heatwave,False,None,True,4.2,329
2024-08-20,UEM Kolkata Hostel,Hostel,Heatwave,False,None,False,,323
2024-08-21,Bistro 1,Restaurant,Clear,False,Local Festival,False,4.2,178
2024-08-21,Hostel B,Hostel,Cloudy,False,None,False,,140
2024-08-21,Spice Grill,Restaurant,Light Rain,False,None,True,3.9,203
2024-08-21,UEM Kolkata Hostel,Hostel,Clear,False,Local Festival,False,,102
2024-08-22,Bistro 1,Restaurant,Heavy Rain,False,None,True,4.7,90
2024-08-22,Hostel B,Hostel,Cloudy,False,None,False,,161
2024-08-22,Spice Grill,Restaurant,Cloudy,False,None,True,4.1,202
2024-08-22,UEM Kolkata Hostel,Hostel,Clear,False,Sports Match,False,,296
2024-08-23,Bistro 1,Restaurant,Heatwave,False,Sports Match,False,4.0,136
2024-08-23,Hostel B,Hostel,Cloudy,False,None,False,,143
2024-08-23,Spice Grill,Restaurant,Clear,False,Concert,False,3.5,273
2024-08-23,UEM Kolkata Hostel,Hostel,Clear,False,Sports Match,False,,323
2024-08-24,Bistro 1,Restaurant,Light Rain,False,None,False,4.0,172
2024-08-24,Hostel B,Hostel,Cloudy,False,None,False,,150
2024-08-24,Spice Grill,Restaurant,Heatwave,False,Local Festival,True,4.9,598
2024-08-24,UEM Kolkata Hostel,Hostel,Clear,False,Local Festival,False,,94
2024-08-25,Bistro 1,Restaurant,Clear,False,None,False,3.9,148
2024-08-25,Hostel B,Hostel,Clear,False,None,False,,150
2024-08-25,Spice Grill,Restaurant,Cloudy,False,None,False,4.1,275
2024-08-25,UEM Kolkata Hostel,Hostel,Cloudy,False,Sports Match,False,,281
2024-08-26,Bistro 1,Restaurant,Clear,False,None,True,4.9,179
2024-08-26,Hostel B,Hostel,Clear,False,None,False,,164
2024-08-26,Spice Grill,Restaurant,Clear,False,None,True,5.0,323
2024-08-26,UEM Kolkata Hostel,Hostel,Clear,False,None,False,,323
2024-08-27,Bistro 1,Restaurant,Heatwave,False,None,False,3.7,126
2024-08-27,Hostel B,Hostel,Clear,False,None,False,,152
2024-08-27,Spice Grill,Restaurant,Clear,False,None,False,4.8,215
2024-08-27,UEM Kolkata Hostel,Hostel,Heatwave,False,None,False,,312
2024-08-28,Bistro 1,Restaurant,Light Rain,False,None,False,3.6,123
2024-08-28,Hostel B,Hostel,Light Rain,False,None,False,,136
2024-08-28,Spice Grill,Restaurant,Clear,False,None,False,3.7,211
2024-08-28,UEM Kolkata Hostel,Hostel,Cloudy,False,None,False,,323
2024-08-29,Bistro 1,Restaurant,Heavy Rain,False,Sports Match,True,4.4,110
2024-08-29,Hostel B,Hostel,Light Rain,False,None,False,,138
2024-08-29,Spice Grill,Restaurant,Cloudy,False,None,False,4.7,194
2024-08-29,UEM Kolkata Hostel,Hostel,Clear,False,None,False,,327
2024-08-30,Bistro 1,Restaurant,Clear,False,None,True,4.9,201
2024-08-30,Hostel B,Hostel,Clear,False,None,False,,138
2024-08-30,Spice Grill,Restaurant,Clear,False,None,True,3.8,192
2024-08-30,UEM Kolkata Hostel,Hostel,Cloudy,False,Concert,False,,283
2024-08-31,Bistro 1,Restaurant,Clear,False,None,False,4.1,174
2024-08-31,Hostel B,Hostel,Clear,False,None,False,,161
2024-08-31,Spice Grill,Restaurant,Clear,False,None,False,4.3,302
2024-08-31,UEM Kolkata Hostel,Hostel,Clear,False,None,False,,300
2024-09-01,Bistro 1,Restaurant,Clear,False,None,True,4.5,255
2024-09-01,Hostel B,Hostel,Clear,False,None,False,,158
2024-09-01,Spice Grill,Restaurant,Clear,False,None,True,4.6,416
2024-09-01,UEM Kolkata Hostel,Hostel,Heatwave,False,Local Festival,False,,96
2024-09-02,Bistro 1,Restaurant,Light Rain,False,None,True,4.2,177
2024-09-02,Hostel B,Hostel,Cloudy,False,None,False,,156
2024-09-02,Spice Grill,Restaurant,Cloudy,False,None,True,3.8,188
2024-09-02,UEM Kolkata Hostel,Hostel,Clear,False,None,False,,307
2024-09-03,Bistro 1,Restaurant,Clear,False,None,True,3.5,127
2024-09-03,Hostel B,Hostel,Heatwave,False,Concert,False,,159
2024-09-03,Spice Grill,Restaurant,Clear,False,None,False,3.6,214
2024-09-03,UEM Kolkata Hostel,Hostel,Clear,False,None,False,,322
2024-09-04,Bistro 1,Restaurant,Clear,False,None,False,3.8,142
2024-09-04,Hostel B,Hostel,Cloudy,False,None,False,,156
2024-09-04,Spice Grill,Restaurant,Clear,False,None,False,4.9,193
2024-09-04,UEM Kolkata Hostel,Hostel,Clear,False,None,False,,326
2024-09-05,Bistro 1,Restaurant,Light Rain,False,None,False,4.5,109
2024-09-05,Hostel B,Hostel,Cloudy,False,None,False,,137
2024-09-05,Spice Grill,Restaurant,Light Rain,False,None,True,4.7,310
2024-09-05,UEM Kolkata Hostel,Hostel,Cloudy,False,None,False,,287
2024-09-06,Bistro 1,Restaurant,Light Rain,False,None,True,4.7,170
2024-09-06,Hostel B,Hostel,Clear,False,None,False,,145
2024-09-06,Spice Grill,Restaurant,Clear,False,Local Festival,True,5.0,451
2024-09-06,UEM Kolkata Hostel,Hostel,Heatwave,False,Sports Match,False,,294
2024-09-07,Bistro 1,Restaurant,Light Rain,False,None,False,3.9,151
2024-09-07,Hostel B,Hostel,Light Rain,False,None,False,,156
2024-09-07,Spice Grill,Restaurant,Clear,False,None,False,4.2,274
2024-09-07,UEM Kolkata Hostel,Hostel,Cloudy,False,None,False,,328
2024-09-08,Bistro 1,Restaurant,Cloudy,False,None,True,4.6,198
2024-09-08,Hostel B,Hostel,Cloudy,False,None,False,,162
2024-09-08,Spice Grill,Restaurant,Clear,False,None,True,4.1,281
2024-09-08,UEM Kolkata Hostel,Hostel,Clear,False,None,False,,314
2024-09-09,Bistro 1,Restaurant,Heavy Rain,False,None,True,3.5,45
2024-09-09,Hostel B,Hostel,Clear,False,None,False,,164
2024-09-09,Spice Grill,Restaurant,Clear,False,None,False,4.3,203
2024-09-09,UEM Kolkata Hostel,Hostel,Cloudy,False,None,False,,286
2024-09-10,Bistro 1,Restaurant,Cloudy,False,Sports Match,False,3.7,176
2024-09-10,Hostel B,Hostel,Clear,False,None,False,,153
2024-09-10,Spice Grill,Restaurant,Cloudy,False,None,False,4.1,188
2024-09-10,UEM Kolkata Hostel,Hostel,Heatwave,False,None,False,,298
2024-09-11,Bistro 1,Restaurant,Light Rain,False,None,True,4.6,179
2024-09-11,Hostel B,Hostel,Clear,False,None,False,,143
2024-09-11,Spice Grill,Restaurant,Clear,False,None,True,4.0,208
2024-09-11,UEM Kolkata Hostel,Hostel,Heatwave,False,None,False,,278
2024-09-12,Bistro 1,Restaurant,Light Rain,False,None,True,5.0,158
2024-09-12,Hostel B,Hostel,Clear,False,None,False,,161
2024-09-12,Spice Grill,Restaurant,Clear,False,None,False,4.9,196
2024-09-12,UEM Kolkata Hostel,Hostel,Cloudy,False,None,False,,306
2024-09-13,Bistro 1,Restaurant,Clear,False,None,True,4.3,197
2024-09-13,Hostel B,Hostel,Clear,False,Concert,False,,137
2024-09-13,Spice Grill,Restaurant,Clear,False,Concert,False,4.0,290
2024-09-13,UEM Kolkata Hostel,Hostel,Heatwave,False,Local Festival,False,,113
2024-09-14,Bistro 1,Restaurant,Heatwave,False,Concert,False,4.3,287
2024-09-14,Hostel B,Hostel,Clear,False,None,False,,148
2024-09-14,Spice Grill,Restaurant,Clear,False,None,False,4.7,280
2024-09-14,UEM Kolkata Hostel,Hostel,Clear,False,None,False,,329
2024-09-15,Bistro 1,Restaurant,Clear,False,None,True,4.8,222
2024-09-15,Hostel B,Hostel,Heavy Rain,False,None,False,,172
2024-09-15,Spice Grill,Restaurant,Clear,False,None,True,4.2,419
2024-09-15,UEM Kolkata Hostel,Hostel,Clear,False,None,False,,279
2024-09-16,Bistro 1,Restaurant,Clear,False,Sports Match,False,4.8,161
2024-09-16,Hostel B,Hostel,Clear,False,None,False,,164
2024-09-16,Spice Grill,Restaurant,Heatwave,False,None,False,4.8,184
2024-09-16,UEM Kolkata Hostel,Hostel,Heatwave,False,None,False,,310
2024-09-17,Bistro 1,Restaurant,Heatwave,False,None,True,4.7,192
2024-09-17,Hostel B,Hostel,Clear,False,None,False,,162
2024-09-17,Spice Grill,Restaurant,Heatwave,False,None,True,4.1,214
2024-09-17,UEM Kolkata Hostel,Hostel,Cloudy,False,None,False,,328
2024-09-18,Bistro 1,Restaurant,Light Rain,False,None,True,4.8,189
2024-09-18,Hostel B,Hostel,Clear,False,None,False,,157
2024-09-18,Spice Grill,Restaurant,Light Rain,False,None,False,4.3,208
2024-09-18,UEM Kolkata Hostel,Hostel,Heatwave,False,None,False,,319
2024-09-19,Bistro 1,Restaurant,Cloudy,False,None,True,3.7,111
2024-09-19,Hostel B,Hostel,Light Rain,False,None,False,,163
2024-09-19,Spice Grill,Restaurant,Heavy Rain,False,None,False,4.5,106
2024-09-19,UEM Kolkata Hostel,Hostel,Light Rain,False,None,False,,293
2024-09-20,Bistro 1,Restaurant,Clear,False,None,False,4.0,109
2024-09-20,Hostel B,Hostel,Clear,False,None,False,,153
2024-09-20,Spice Grill,Restaurant,Cloudy,False,None,True,4.6,320
2024-09-20,UEM Kolkata Hostel,Hostel,Clear,False,None,False,,328
2024-09-21,Bistro 1,Restaurant,Cloudy,False,None,False,4.2,163
2024-09-21,Hostel B,Hostel,Light Rain,False,None,False,,137
2024-09-21,Spice Grill,Restaurant,Clear,False,Concert,True,4.7,575
2024-09-21,UEM Kolkata Hostel,Hostel,Clear,False,Local Festival,False,,112
2024-09-22,Bistro 1,Restaurant,Heatwave,False,None,True,3.5,158
2024-09-22,Hostel B,Hostel,Cloudy,False,None,False,,146
2024-09-22,Spice Grill,Restaurant,Clear,False,None,False,4.1,299
2024-09-22,UEM Kolkata Hostel,Hostel,Light Rain,False,Sports Match,False,,314
2024-09-23,Bistro 1,Restaurant,Cloudy,False,None,False,3.6,120
2024-09-23,Hostel B,Hostel,Light Rain,False,None,False,,139
2024-09-23,Spice Grill,Restaurant,Light Rain,False,None,True,4.6,277
2024-09-23,UEM Kolkata Hostel,Hostel,Heatwave,False,None,False,,272
2024-09-24,Bistro 1,Restaurant,Cloudy,False,None,True,4.7,172
2024-09-24,Hostel B,Hostel,Heatwave,False,None,False,,153
2024-09-24,Spice Grill,Restaurant,Heatwave,False,None,True,3.8,216
2024-09-24,UEM Kolkata Hostel,Hostel,Light Rain,False,Concert,False,,322
2024-09-25,Bistro 1,Restaurant,Clear,False,None,False,5.0,131
2024-09-25,Hostel B,Hostel,Clear,False,None,False,,135
2024-09-25,Spice Grill,Restaurant,Cloudy,False,Local Festival,False,4.2,240
2024-09-25,UEM Kolkata Hostel,Hostel,Light Rain,False,None,False,,323
2024-09-26,Bistro 1,Restaurant,Cloudy,False,None,True,4.1,118
2024-09-26,Hostel B,Hostel,Clear,False,None,False,,148
2024-09-26,Spice Grill,Restaurant,Clear,False,None,False,4.3,230
2024-09-26,UEM Kolkata Hostel,Hostel,Clear,False,None,False,,284
2024-09-27,Bistro 1,Restaurant,Clear,False,None,False,4.1,127
2024-09-27,Hostel B,Hostel,Heatwave,False,None,False,,153
2024-09-27,Spice Grill,Restaurant,Clear,False,None,True,4.8,335
2024-09-27,UEM Kolkata Hostel,Hostel,Heatwave,False,None,False,,303
2024-09-28,Bistro 1,Restaurant,Clear,False,None,False,4.2,180
2024-09-28,Hostel B,Hostel,Clear,False,None,False,,154
2024-09-28,Spice Grill,Restaurant,Light Rain,False,Concert,False,3.9,350
2024-09-28,UEM Kolkata Hostel,Hostel,Clear,False,None,False,,310
2024-09-29,Bistro 1,Restaurant,Light Rain,False,None,False,3.8,157
2024-09-29,Hostel B,Hostel,Clear,False,None,False,,137
2024-09-29,Spice Grill,Restaurant,Clear,False,None,False,4.7,323
2024-09-29,UEM Kolkata Hostel,Hostel,Cloudy,False,None,False,,314
2024-09-30,Bistro 1,Restaurant,Clear,False,None,True,4.5,201
2024-09-30,Hostel B,Hostel,Clear,False,None,False,,153
2024-09-30,Spice Grill,Restaurant,Heatwave,False,None,False,3.9,203
2024-09-30,UEM Kolkata Hostel,Hostel,Clear,False,None,False,,276
2024-10-01,Bistro 1,Restaurant,Cloudy,False,None,False,4.5,125
2024-10-01,Hostel B,Hostel,Clear,False,None,False,,162
2024-10-01,Spice Grill,Restaurant,Clear,False,None,True,4.3,327
2024-10-01,UEM Kolkata Hostel,Hostel,Cloudy,False,None,False,,318
2024-10-02,Bistro 1,Restaurant,Light Rain,False,None,False,4.2,121
2024-10-02,Hostel B,Hostel,Heatwave,False,None,False,,147
2024-10-02,Spice Grill,Restaurant,Heatwave,False,None,False,4.6,201
2024-10-02,UEM Kolkata Hostel,Hostel,Cloudy,False,Local Festival,False,,66
2024-10-03,Bistro 1,Restaurant,Heatwave,False,None,False,3.9,129
2024-10-03,Hostel B,Hostel,Cloudy,False,None,False,,141
2024-10-03,Spice Grill,Restaurant,Light Rain,False,None,True,3.5,204
2024-10-03,UEM Kolkata Hostel,Hostel,Cloudy,False,None,False,,281
2024-10-04,Bistro 1,Restaurant,Clear,False,None,False,4.5,112
2024-10-04,Hostel B,Hostel,Clear,False,Local Festival,False,,36
2024-10-04,Spice Grill,Restaurant,Clear,False,None,True,4.5,285
2024-10-04,UEM Kolkata Hostel,Hostel,Heavy Rain,False,None,False,,287
2024-10-05,Bistro 1,Restaurant,Clear,False,None,True,3.9,149
2024-10-05,Hostel B,Hostel,Clear,False,None,False,,139
2024-10-05,Spice Grill,Restaurant,Light Rain,False,None,False,4.2,260
2024-10-05,UEM Kolkata Hostel,Hostel,Clear,False,None,False,,319
2024-10-06,Bistro 1,Restaurant,Clear,False,Concert,False,4.7,251
2024-10-06,Hostel B,Hostel,Heatwave,False,None,False,,140
2024-10-06,Spice Grill,Restaurant,Light Rain,False,Concert,False,4.0,343
2024-10-06,UEM Kolkata Hostel,Hostel,Light Rain,False,None,False,,276
2024-10-07,Bistro 1,Restaurant,Cloudy,False,None,False,3.7,117
2024-10-07,Hostel B,Hostel,Heatwave,False,None,False,,152
2024-10-07,Spice Grill,Restaurant,Cloudy,False,None,True,4.2,303
2024-10-07,UEM Kolkata Hostel,Hostel,Light Rain,False,None,False,,307
2024-10-08,Bistro 1,Restaurant,Clear,False,None,True,4.4,174
2024-10-08,Hostel B,Hostel,Clear,False,None,False,,162
2024-10-08,Spice Grill,Restaurant,Light Rain,False,None,True,4.0,219
2024-10-08,UEM Kolkata Hostel,Hostel,Clear,False,None,False,,318
2024-10-09,Bistro 1,Restaurant,Clear,False,None,True,4.1,132
2024-10-09,Hostel B,Hostel,Light Rain,False,Sports Match,False,,135
2024-10-09,Spice Grill,Restaurant,Clear,False,None,False,5.0,186
2024-10-09,UEM Kolkata Hostel,Hostel,Clear,False,None,False,,287
2024-10-10,Bistro 1,Restaurant,Clear,False,None,False,4.6,118
2024-10-10,Hostel B,Hostel,Clear,False,None,False,,140
2024-10-10,Spice Grill,Restaurant,Clear,False,None,False,4.8,220
2024-10-10,UEM Kolkata Hostel,Hostel,Clear,False,None,False,,297
2024-10-11,Bistro 1,Restaurant,Heavy Rain,False,Local Festival,False,4.5,75
2024-10-11,Hostel B,Hostel,Clear,False,None,False,,144
2024-10-11,Spice Grill,Restaurant,Clear,False,None,True,4.2,270
2024-10-11,UEM Kolkata Hostel,Hostel,Heatwave,False,None,False,,329
2024-10-12,Bistro 1,Restaurant,Cloudy,False,None,False,4.2,160
2024-10-12,Hostel B,Hostel,Clear,False,Sports Match,False,,160
2024-10-12,Spice Grill,Restaurant,Clear,False,None,True,4.4,427
2024-10-12,UEM Kolkata Hostel,Hostel,Cloudy,False,None,False,,328
2024-10-13,Bistro 1,Restaurant,Heavy Rain,False,Local Festival,True,4.6,181
2024-10-13,Hostel B,Hostel,Cloudy,False,None,False,,152
2024-10-13,Spice Grill,Restaurant,Clear,False,None,True,5.0,393
2024-10-13,UEM Kolkata Hostel,Hostel,Clear,False,None,False,,279
2024-10-14,Bistro 1,Restaurant,Clear,False,None,False,3.5,137
2024-10-14,Hostel B,Hostel,Clear,False,None,False,,149
2024-10-14,Spice Grill,Restaurant,Cloudy,False,None,True,4.8,308
2024-10-14,UEM Kolkata Hostel,Hostel,Heavy Rain,False,Concert,False,,297
2024-10-15,Bistro 1,Restaurant,Clear,False,None,False,3.7,108
2024-10-15,Hostel B,Hostel,Clear,False,None,False,,143
2024-10-15,Spice Grill,Restaurant,Clear,False,None,True,3.6,187
2024-10-15,UEM Kolkata Hostel,Hostel,Clear,False,Concert,False,,311
2024-10-16,Bistro 1,Restaurant,Heatwave,False,None,True,4.1,117
2024-10-16,Hostel B,Hostel,Heavy Rain,False,None,False,,152
2024-10-16,Spice Grill,Restaurant,Clear,False,None,True,3.8,209
2024-10-16,UEM Kolkata Hostel,Hostel,Clear,False,None,False,,288
2024-10-17,Bistro 1,Restaurant,Heavy Rain,False,None,False,4.3,51
2024-10-17,Hostel B,Hostel,Cloudy,False,None,False,,139
2024-10-17,Spice Grill,Restaurant,Heatwave,False,None,False,4.9,200
2024-10-17,UEM Kolkata Hostel,Hostel,Clear,False,Sports Match,False,,310
2024-10-18,Bistro 1,Restaurant,Heatwave,False,None,False,3.9,126
2024-10-18,Hostel B,Hostel,Heavy Rain,False,None,False,,152
2024-10-18,Spice Grill,Restaurant,Heatwave,False,None,True,4.5,298
2024-10-18,UEM Kolkata Hostel,Hostel,Clear,False,None,False,,286
2024-10-19,Bistro 1,Restaurant,Light Rain,False,None,False,3.8,185
2024-10-19,Hostel B,Hostel,Clear,False,None,False,,152
2024-10-19,Spice Grill,Restaurant,Clear,False,Local Festival,False,4.7,389
2024-10-19,UEM Kolkata Hostel,Hostel,Cloudy,False,None,False,,316
2024-10-20,Bistro 1,Restaurant,Clear,False,None,True,3.6,196
2024-10-20,Hostel B,Hostel,Cloudy,False,None,False,,142
2024-10-20,Spice Grill,Restaurant,Cloudy,False,None,False,4.1,234
2024-10-20,UEM Kolkata Hostel,Hostel,Clear,False,None,False,,290
2024-10-21,Bistro 1,Restaurant,Heatwave,False,None,True,4.3,166
2024-10-21,Hostel B,Hostel,Clear,False,None,False,,156
2024-10-21,Spice Grill,Restaurant,Clear,False,None,False,4.5,237
2024-10-21,UEM Kolkata Hostel,Hostel,Clear,False,None,False,,293
2024-10-22,Bistro 1,Restaurant,Heavy Rain,False,Concert,False,4.8,91
2024-10-22,Hostel B,Hostel,Clear,False,Concert,False,,158
2024-10-22,Spice Grill,Restaurant,Clear,False,None,True,3.8,198
2024-10-22,UEM Kolkata Hostel,Hostel,Clear,False,None,False,,297
2024-10-23,Bistro 1,Restaurant,Clear,False,None,True,4.9,205
2024-10-23,Hostel B,Hostel,Light Rain,False,None,False,,145
2024-10-23,Spice Grill,Restaurant,Clear,False,None,True,4.1,195
2024-10-23,UEM Kolkata Hostel,Hostel,Clear,False,None,False,,272
2024-10-24,Bistro 1,Restaurant,Clear,False,None,True,4.0,120
2024-10-24,Hostel B,Hostel,Clear,False,None,False,,158
2024-10-24,Spice Grill,Restaurant,Heatwave,False,None,False,3.9,206
2024-10-24,UEM Kolkata Hostel,Hostel,Heavy Rain,False,None,False,,299
2024-10-25,Bistro 1,Restaurant,Clear,False,None,False,3.5,133
2024-10-25,Hostel B,Hostel,Cloudy,False,None,False,,140
2024-10-25,Spice Grill,Restaurant,Cloudy,False,None,True,4.3,300
2024-10-25,UEM Kolkata Hostel,Hostel,Cloudy,False,None,False,,322
2024-10-26,Bistro 1,Restaurant,Clear,False,None,False,4.7,183
2024-10-26,Hostel B,Hostel,Clear,False,None,False,,159
2024-10-26,Spice Grill,Restaurant,Cloudy,False,None,True,4.3,370
2024-10-26,UEM Kolkata Hostel,Hostel,Clear,False,None,False,,273
2024-10-27,Bistro 1,Restaurant,Clear,False,None,True,5.0,184
2024-10-27,Hostel B,Hostel,Light Rain,False,None,False,,139
2024-10-27,Spice Grill,Restaurant,Light Rain,False,None,False,4.8,270
2024-10-27,UEM Kolkata Hostel,Hostel,Clear,False,None,False,,285
2024-10-28,Bistro 1,Restaurant,Heatwave,False,None,False,3.8,130
2024-10-28,Hostel B,Hostel,Clear,False,None,False,,155
2024-10-28,Spice Grill,Restaurant,Light Rain,False,None,True,4.8,287
2024-10-28,UEM Kolkata Hostel,Hostel,Clear,False,None,False,,284
2024-10-29,Bistro 1,Restaurant,Heatwave,False,None,True,4.6,164
2024-10-29,Hostel B,Hostel,Clear,False,None,False,,140
2024-10-29,Spice Grill,Restaurant,Heatwave,False,None,True,4.4,246
2024-10-29,UEM Kolkata Hostel,Hostel,Clear,False,None,False,,289
2024-10-30,Bistro 1,Restaurant,Clear,False,None,True,4.0,133
2024-10-30,Hostel B,Hostel,Clear,False,None,False,,147
2024-10-30,Spice Grill,Restaurant,Clear,False,None,True,4.6,314
2024-10-30,UEM Kolkata Hostel,Hostel,Clear,False,None,False,,302
2024-10-31,Bistro 1,Restaurant,Clear,False,None,True,4.9,184
2024-10-31,Hostel B,Hostel,Light Rain,False,None,False,,156
2024-10-31,Spice Grill,Restaurant,Clear,False,Local Festival,True,4.8,348
2024-10-31,UEM Kolkata Hostel,Hostel,Cloudy,False,None,False,,324
2024-11-01,Bistro 1,Restaurant,Clear,False,None,False,3.7,133
2024-11-01,Hostel B,Hostel,Clear,True,Local Festival,False,,35
2024-11-01,Spice Grill,Restaurant,Clear,False,None,False,3.9,197
2024-11-01,UEM Kolkata Hostel,Hostel,Clear,True,None,False,,257
2024-11-02,Bistro 1,Restaurant,Clear,False,None,True,4.7,223
2024-11-02,Hostel B,Hostel,Heavy Rain,True,Local Festival,False,,42
2024-11-02,Spice Grill,Restaurant,Light Rain,False,None,True,4.6,343
2024-11-02,UEM Kolkata Hostel,Hostel,Cloudy,True,None,False,,265
2024-11-03,Bistro 1,Restaurant,Cloudy,False,None,True,4.6,213
2024-11-03,Hostel B,Hostel,Clear,True,None,False,,128
2024-11-03,Spice Grill,Restaurant,Clear,False,None,False,4.8,280
2024-11-03,UEM Kolkata Hostel,Hostel,Heavy Rain,True,Concert,False,,254
2024-11-04,Bistro 1,Restaurant,Clear,False,None,True,4.9,199
2024-11-04,Hostel B,Hostel,Heatwave,True,None,False,,135
2024-11-04,Spice Grill,Restaurant,Heavy Rain,False,None,False,4.6,113
2024-11-04,UEM Kolkata Hostel,Hostel,Clear,True,None,False,,190
2024-11-05,Bistro 1,Restaurant,Clear,False,None,True,4.5,208
2024-11-05,Hostel B,Hostel,Clear,True,None,False,,117
2024-11-05,Spice Grill,Restaurant,Heavy Rain,False,None,True,3.9,91
2024-11-05,UEM Kolkata Hostel,Hostel,Light Rain,True,None,False,,214
2024-11-06,Bistro 1,Restaurant,Heavy Rain,False,None,True,4.9,68
2024-11-06,Hostel B,Hostel,Clear,True,Concert,False,,119
2024-11-06,Spice Grill,Restaurant,Light Rain,False,None,True,4.7,300
2024-11-06,UEM Kolkata Hostel,Hostel,Clear,True,None,False,,232
2024-11-07,Bistro 1,Restaurant,Clear,False,None,False,3.9,135
2024-11-07,Hostel B,Hostel,Cloudy,True,None,False,,119
2024-11-07,Spice Grill,Restaurant,Clear,False,None,False,3.6,226
2024-11-07,UEM Kolkata Hostel,Hostel,Clear,True,None,False,,246
2024-11-08,Bistro 1,Restaurant,Clear,False,None,False,4.9,133
2024-11-08,Hostel B,Hostel,Clear,True,None,False,,117
2024-11-08,Spice Grill,Restaurant,Clear,False,None,False,4.2,230
2024-11-08,UEM Kolkata Hostel,Hostel,Cloudy,True,None,False,,250
2024-11-09,Bistro 1,Restaurant,Light Rain,False,None,True,4.5,243
2024-11-09,Hostel B,Hostel,Light Rain,True,None,False,,116
2024-11-09,Spice Grill,Restaurant,Cloudy,False,None,True,4.5,347
2024-11-09,UEM Kolkata Hostel,Hostel,Clear,True,None,False,,253
2024-11-10,Bistro 1,Restaurant,Cloudy,False,None,False,3.9,162
2024-11-10,Hostel B,Hostel,Light Rain,True,Sports Match,False,,111
2024-11-10,Spice Grill,Restaurant,Clear,False,None,True,4.5,435
2024-11-10,UEM Kolkata Hostel,Hostel,Clear,True,None,False,,225
2024-11-11,Bistro 1,Restaurant,Clear,False,None,False,3.9,120
2024-11-11,Hostel B,Hostel,Clear,True,None,False,,141
2024-11-11,Spice Grill,Restaurant,Clear,False,None,False,4.9,227
2024-11-11,UEM Kolkata Hostel,Hostel,Light Rain,True,Local Festival,False,,54
2024-11-12,Bistro 1,Restaurant,Clear,False,None,False,3.7,122
2024-11-12,Hostel B,Hostel,Clear,True,None,False,,123
2024-11-12,Spice Grill,Restaurant,Cloudy,False,Local Festival,False,3.6,276
2024-11-12,UEM Kolkata Hostel,Hostel,Cloudy,True,None,False,,252
2024-11-13,Bistro 1,Restaurant,Clear,False,None,False,3.5,112
2024-11-13,Hostel B,Hostel,Cloudy,True,None,False,,134
2024-11-13,Spice Grill,Restaurant,Cloudy,False,None,False,4.4,213
2024-11-13,UEM Kolkata Hostel,Hostel,Clear,True,None,False,,241
2024-11-14,Bistro 1,Restaurant,Clear,False,None,True,3.6,135
2024-11-14,Hostel B,Hostel,Light Rain,True,None,False,,107
2024-11-14,Spice Grill,Restaurant,Heatwave,False,None,True,4.5,286
2024-11-14,UEM Kolkata Hostel,Hostel,Cloudy,True,None,False,,292
2024-11-15,Bistro 1,Restaurant,Clear,False,None,True,3.7,117
2024-11-15,Hostel B,Hostel,Heatwave,True,None,False,,121
2024-11-15,Spice Grill,Restaurant,Heatwave,False,None,True,4.0,187
2024-11-15,UEM Kolkata Hostel,Hostel,Clear,True,None,False,,202
2024-11-16,Bistro 1,Restaurant,Clear,False,None,True,4.2,226
2024-11-16,Hostel B,Hostel,Clear,True,None,False,,135
2024-11-16,Spice Grill,Restaurant,Clear,False,None,True,4.3,416
2024-11-16,UEM Kolkata Hostel,Hostel,Clear,True,None,False,,240
2024-11-17,Bistro 1,Restaurant,Cloudy,False,None,True,3.6,156
2024-11-17,Hostel B,Hostel,Light Rain,True,None,False,,130
2024-11-17,Spice Grill,Restaurant,Light Rain,False,None,True,4.7,481
2024-11-17,UEM Kolkata Hostel,Hostel,Clear,True,None,False,,251
2024-11-18,Bistro 1,Restaurant,Light Rain,False,Local Festival,True,4.1,144
2024-11-18,Hostel B,Hostel,Heavy Rain,True,Concert,False,,121
2024-11-18,Spice Grill,Restaurant,Clear,False,None,False,4.1,184
2024-11-18,UEM Kolkata Hostel,Hostel,Clear,True,Local Festival,False,,93
2024-11-19,Bistro 1,Restaurant,Clear,False,None,False,4.9,124
2024-11-19,Hostel B,Hostel,Clear,True,Sports Match,False,,127
2024-11-19,Spice Grill,Restaurant,Cloudy,False,None,False,5.0,200
2024-11-19,UEM Kolkata Hostel,Hostel,Cloudy,True,None,False,,260
2024-11-20,Bistro 1,Restaurant,Light Rain,False,Sports Match,True,3.6,163
2024-11-20,Hostel B,Hostel,Clear,True,None,False,,109
2024-11-20,Spice Grill,Restaurant,Clear,False,None,True,4.0,195
2024-11-20,UEM Kolkata Hostel,Hostel,Light Rain,True,None,False,,268
2024-11-21,Bistro 1,Restaurant,Heavy Rain,False,None,True,4.7,79
2024-11-21,Hostel B,Hostel,Clear,True,Local Festival,False,,50
2024-11-21,Spice Grill,Restaurant,Cloudy,False,Sports Match,False,3.9,290
2024-11-21,UEM Kolkata Hostel,Hostel,Clear,True,None,False,,230
2024-11-22,Bistro 1,Restaurant,Clear,False,None,False,4.8,130
2024-11-22,Hostel B,Hostel,Cloudy,True,None,False,,110
2024-11-22,Spice Grill,Restaurant,Light Rain,False,Concert,False,4.2,306
2024-11-22,UEM Kolkata Hostel,Hostel,Cloudy,True,None,False,,274
2024-11-23,Bistro 1,Restaurant,Light Rain,False,None,False,3.8,150
2024-11-23,Hostel B,Hostel,Clear,True,None,False,,119
2024-11-23,Spice Grill,Restaurant,Light Rain,False,None,True,4.4,385
2024-11-23,UEM Kolkata Hostel,Hostel,Clear,True,None,False,,283
2024-11-24,Bistro 1,Restaurant,Clear,False,None,False,3.9,163
2024-11-24,Hostel B,Hostel,Clear,True,Local Festival,False,,37
2024-11-24,Spice Grill,Restaurant,Clear,False,None,False,4.3,307
2024-11-24,UEM Kolkata Hostel,Hostel,Clear,True,None,False,,269
2024-11-25,Bistro 1,Restaurant,Clear,False,Local Festival,False,4.7,187
2024-11-25,Hostel B,Hostel,Light Rain,True,None,False,,129
2024-11-25,Spice Grill,Restaurant,Cloudy,False,None,True,3.7,184
2024-11-25,UEM Kolkata Hostel,Hostel,Cloudy,True,None,False,,249
2024-11-26,Bistro 1,Restaurant,Clear,False,None,False,4.2,139
2024-11-26,Hostel B,Hostel,Heatwave,True,None,False,,112
2024-11-26,Spice Grill,Restaurant,Clear,False,None,True,4.7,295
2024-11-26,UEM Kolkata Hostel,Hostel,Clear,True,Sports Match,False,,256
2024-11-27,Bistro 1,Restaurant,Clear,False,None,False,4.7,121
2024-11-27,Hostel B,Hostel,Heatwave,True,None,False,,135
2024-11-27,Spice Grill,Restaurant,Clear,False,None,False,4.4,210
2024-11-27,UEM Kolkata Hostel,Hostel,Cloudy,True,None,False,,241
2024-11-28,Bistro 1,Restaurant,Clear,False,None,False,4.7,131
2024-11-28,Hostel B,Hostel,Cloudy,True,None,False,,106
2024-11-28,Spice Grill,Restaurant,Clear,False,None,True,4.6,247
2024-11-28,UEM Kolkata Hostel,Hostel,Clear,True,None,False,,211
2024-11-29,Bistro 1,Restaurant,Heatwave,False,None,False,4.9,116
2024-11-29,Hostel B,Hostel,Heavy Rain,True,None,False,,139
2024-11-29,Spice Grill,Restaurant,Clear,False,None,True,4.2,302
2024-11-29,UEM Kolkata Hostel,Hostel,Clear,True,None,False,,226
2024-11-30,Bistro 1,Restaurant,Cloudy,False,None,False,4.6,136
2024-11-30,Hostel B,Hostel,Clear,True,None,False,,96
2024-11-30,Spice Grill,Restaurant,Clear,False,None,True,3.9,325
2024-11-30,UEM Kolkata Hostel,Hostel,Clear,True,None,False,,243
2024-12-01,Bistro 1,Restaurant,Clear,False,None,True,4.7,262
2024-12-01,Hostel B,Hostel,Cloudy,True,None,False,,105
2024-12-01,Spice Grill,Restaurant,Clear,False,None,True,4.3,434
2024-12-01,UEM Kolkata Hostel,Hostel,Clear,True,Local Festival,False,,46
2024-12-02,Bistro 1,Restaurant,Clear,False,None,False,4.1,133
2024-12-02,Hostel B,Hostel,Light Rain,True,Local Festival,False,,42
2024-12-02,Spice Grill,Restaurant,Cloudy,False,None,True,4.0,189
2024-12-02,UEM Kolkata Hostel,Hostel,Clear,True,None,False,,254
2024-12-03,Bistro 1,Restaurant,Clear,False,None,True,4.8,195
2024-12-03,Hostel B,Hostel,Clear,True,None,False,,141
2024-12-03,Spice Grill,Restaurant,Heatwave,False,Concert,True,4.7,333
2024-12-03,UEM Kolkata Hostel,Hostel,Clear,True,Sports Match,False,,249
2024-12-04,Bistro 1,Restaurant,Clear,False,None,False,4.9,120
2024-12-04,Hostel B,Hostel,Clear,True,Local Festival,False,,32
2024-12-04,Spice Grill,Restaurant,Cloudy,False,None,True,4.7,328
2024-12-04,UEM Kolkata Hostel,Hostel,Clear,True,None,False,,233
2024-12-05,Bistro 1,Restaurant,Clear,False,None,True,4.6,197
2024-12-05,Hostel B,Hostel,Light Rain,True,None,False,,135
2024-12-05,Spice Grill,Restaurant,Light Rain,False,None,False,4.7,217
2024-12-05,UEM Kolkata Hostel,Hostel,Heatwave,True,Local Festival,False,,83
2024-12-06,Bistro 1,Restaurant,Clear,False,None,True,4.8,206
2024-12-06,Hostel B,Hostel,Light Rain,True,None,False,,109
2024-12-06,Spice Grill,Restaurant,Clear,False,None,True,4.9,302
2024-12-06,UEM Kolkata Hostel,Hostel,Light Rain,True,None,False,,258
2024-12-07,Bistro 1,Restaurant,Light Rain,False,None,False,4.5,179
2024-12-07,Hostel B,Hostel,Clear,True,None,False,,140
2024-12-07,Spice Grill,Restaurant,Heatwave,False,None,True,4.0,270
2024-12-07,UEM Kolkata Hostel,Hostel,Clear,True,None,False,,226
2024-12-08,Bistro 1,Restaurant,Heatwave,False,Sports Match,False,3.6,210
2024-12-08,Hostel B,Hostel,Clear,True,None,False,,130
2024-12-08,Spice Grill,Restaurant,Cloudy,False,None,True,4.5,331
2024-12-08,UEM Kolkata Hostel,Hostel,Heatwave,True,None,False,,236
2024-12-09,Bistro 1,Restaurant,Cloudy,False,None,True,4.9,189
2024-12-09,Hostel B,Hostel,Clear,True,None,False,,124
2024-12-09,Spice Grill,Restaurant,Clear,False,None,False,4.1,187
2024-12-09,UEM Kolkata Hostel,Hostel,Cloudy,True,None,False,,225
2024-12-10,Bistro 1,Restaurant,Clear,False,None,True,4.7,156
2024-12-10,Hostel B,Hostel,Clear,True,None,False,,115
2024-12-10,Spice Grill,Restaurant,Heatwave,False,None,False,3.7,180
2024-12-10,UEM Kolkata Hostel,Hostel,Light Rain,True,None,False,,263
2024-12-11,Bistro 1,Restaurant,Clear,False,None,False,4.3,119
2024-12-11,Hostel B,Hostel,Light Rain,True,None,False,,143
2024-12-11,Spice Grill,Restaurant,Cloudy,False,None,False,4.1,205
2024-12-11,UEM Kolkata Hostel,Hostel,Clear,True,None,False,,242
2024-12-12,Bistro 1,Restaurant,Cloudy,False,None,False,4.0,122
2024-12-12,Hostel B,Hostel,Clear,True,None,False,,109
2024-12-12,Spice Grill,Restaurant,Clear,False,None,True,3.6,207
2024-12-12,UEM Kolkata Hostel,Hostel,Cloudy,True,None,False,,262
2024-12-13,Bistro 1,Restaurant,Light Rain,False,None,True,3.8,118
2024-12-13,Hostel B,Hostel,Clear,True,None,False,,118
2024-12-13,Spice Grill,Restaurant,Clear,False,None,False,5.0,188
2024-12-13,UEM Kolkata Hostel,Hostel,Clear,True,None,False,,233
2024-12-14,Bistro 1,Restaurant,Cloudy,False,None,False,4.9,150
2024-12-14,Hostel B,Hostel,Clear,True,None,False,,127
2024-12-14,Spice Grill,Restaurant,Light Rain,False,None,True,4.8,388
2024-12-14,UEM Kolkata Hostel,Hostel,Clear,True,None,False,,213
2024-12-15,Bistro 1,Restaurant,Clear,False,Local Festival,True,4.0,238
2024-12-15,Hostel B,Hostel,Cloudy,True,None,False,,116
2024-12-15,Spice Grill,Restaurant,Clear,False,None,False,3.6,301
2024-12-15,UEM Kolkata Hostel,Hostel,Clear,True,None,False,,215
2024-12-16,Bistro 1,Restaurant,Clear,False,None,True,4.0,133
2024-12-16,Hostel B,Hostel,Clear,True,None,False,,108
2024-12-16,Spice Grill,Restaurant,Light Rain,False,None,False,3.8,204
2024-12-16,UEM Kolkata Hostel,Hostel,Cloudy,True,None,False,,198
2024-12-17,Bistro 1,Restaurant,Clear,False,Local Festival,False,4.5,184
2024-12-17,Hostel B,Hostel,Clear,True,Sports Match,False,,107
2024-12-17,Spice Grill,Restaurant,Cloudy,False,None,False,3.7,214
2024-12-17,UEM Kolkata Hostel,Hostel,Clear,True,None,False,,240
2024-12-18,Bistro 1,Restaurant,Light Rain,False,None,False,4.5,125
2024-12-18,Hostel B,Hostel,Cloudy,True,None,False,,119
2024-12-18,Spice Grill,Restaurant,Clear,False,None,True,3.7,182
2024-12-18,UEM Kolkata Hostel,Hostel,Clear,True,Sports Match,False,,257
2024-12-19,Bistro 1,Restaurant,Light Rain,False,None,True,3.6,122
2024-12-19,Hostel B,Hostel,Cloudy,True,None,False,,116
2024-12-19,Spice Grill,Restaurant,Light Rain,False,None,True,3.7,189
2024-12-19,UEM Kolkata Hostel,Hostel,Clear,True,None,False,,244
2024-12-20,Bistro 1,Restaurant,Clear,False,None,True,4.3,154
2024-12-20,Hostel B,Hostel,Cloudy,True,None,False,,106
2024-12-20,Spice Grill,Restaurant,Clear,False,None,True,4.6,278
2024-12-20,UEM Kolkata Hostel,Hostel,Clear,True,None,False,,244
2024-12-21,Bistro 1,Restaurant,Clear,False,None,False,4.1,195
2024-12-21,Hostel B,Hostel,Clear,True,Local Festival,False,,47
2024-12-21,Spice Grill,Restaurant,Light Rain,False,None,True,4.5,480
2024-12-21,UEM Kolkata Hostel,Hostel,Light Rain,True,None,False,,235
2024-12-22,Bistro 1,Restaurant,Heatwave,False,None,False,4.2,159
2024-12-22,Hostel B,Hostel,Clear,True,None,False,,112
2024-12-22,Spice Grill,Restaurant,Clear,False,None,False,3.6,257
2024-12-22,UEM Kolkata Hostel,Hostel,Clear,True,None,False,,205
2024-12-23,Bistro 1,Restaurant,Clear,False,None,True,4.5,179
2024-12-23,Hostel B,Hostel,Clear,True,None,False,,128
2024-12-23,Spice Grill,Restaurant,Clear,False,None,False,4.2,210
2024-12-23,UEM Kolkata Hostel,Hostel,Clear,True,Concert,False,,288
2024-12-24,Bistro 1,Restaurant,Clear,False,Concert,False,3.6,153
2024-12-24,Hostel B,Hostel,Cloudy,True,None,False,,119
2024-12-24,Spice Grill,Restaurant,Cloudy,False,None,True,4.1,182
2024-12-24,UEM Kolkata Hostel,Hostel,Light Rain,True,Sports Match,False,,212
2024-12-25,Bistro 1,Restaurant,Clear,False,None,True,4.3,173
2024-12-25,Hostel B,Hostel,Clear,True,None,False,,104
2024-12-25,Spice Grill,Restaurant,Clear,False,None,True,4.9,321
2024-12-25,UEM Kolkata Hostel,Hostel,Clear,True,None,False,,257
2024-12-26,Bistro 1,Restaurant,Light Rain,False,None,True,4.9,184
2024-12-26,Hostel B,Hostel,Clear,True,None,False,,113
2024-12-26,Spice Grill,Restaurant,Clear,False,None,True,4.1,196
2024-12-26,UEM Kolkata Hostel,Hostel,Heatwave,True,None,False,,252
2024-12-27,Bistro 1,Restaurant,Clear,False,None,False,3.8,121
2024-12-27,Hostel B,Hostel,Cloudy,True,Concert,False,,133
2024-12-27,Spice Grill,Restaurant,Light Rain,False,Sports Match,True,4.6,407
2024-12-27,UEM Kolkata Hostel,Hostel,Clear,True,None,False,,239
2024-12-28,Bistro 1,Restaurant,Cloudy,False,Sports Match,True,4.1,242
2024-12-28,Hostel B,Hostel,Heavy Rain,True,None,False,,122
2024-12-28,Spice Grill,Restaurant,Heatwave,False,Local Festival,False,3.9,340
2024-12-28,UEM Kolkata Hostel,Hostel,Cloudy,True,None,False,,270
2024-12-29,Bistro 1,Restaurant,Light Rain,False,None,True,4.8,227
2024-12-29,Hostel B,Hostel,Light Rain,True,None,False,,121
2024-12-29,Spice Grill,Restaurant,Cloudy,False,None,False,4.5,257
2024-12-29,UEM Kolkata Hostel,Hostel,Clear,True,None,False,,227
2024-12-30,Bistro 1,Restaurant,Light Rain,False,None,False,3.6,123
2024-12-30,Hostel B,Hostel,Clear,True,Concert,False,,132
2024-12-30,Spice Grill,Restaurant,Clear,False,None,True,4.4,282
2024-12-30,UEM Kolkata Hostel,Hostel,Clear,True,None,False,,216
2024-12-31,Bistro 1,Restaurant,Clear,False,None,False,4.3,113
2024-12-31,Hostel B,Hostel,Cloudy,True,None,False,,110
2024-12-31,Spice Grill,Restaurant,Clear,False,None,True,4.0,198
2024-12-31,UEM Kolkata Hostel,Hostel,Clear,True,None,False,,201
2025-01-01,Bistro 1,Restaurant,Clear,False,None,True,4.5,218
2025-01-01,Hostel B,Hostel,Clear,False,None,False,,44
2025-01-01,Spice Grill,Restaurant,Light Rain,False,None,False,4.2,199
2025-01-01,UEM Kolkata Hostel,Hostel,Cloudy,False,None,False,,69
2025-01-02,Bistro 1,Restaurant,Cloudy,False,Concert,True,4.8,204
2025-01-02,Hostel B,Hostel,Clear,False,Local Festival,False,,56
2025-01-02,Spice Grill,Restaurant,Clear,False,Concert,False,3.6,281
2025-01-02,UEM Kolkata Hostel,Hostel,Clear,False,Local Festival,False,,70
2025-01-03,Bistro 1,Restaurant,Cloudy,False,None,False,4.9,124
2025-01-03,Hostel B,Hostel,Cloudy,False,None,False,,35
2025-01-03,Spice Grill,Restaurant,Clear,False,None,True,4.2,294
2025-01-03,UEM Kolkata Hostel,Hostel,Clear,False,None,False,,106
2025-01-04,Bistro 1,Restaurant,Clear,False,None,True,4.6,256
2025-01-04,Hostel B,Hostel,Heatwave,False,None,False,,45
2025-01-04,Spice Grill,Restaurant,Heatwave,False,None,True,4.7,430
2025-01-04,UEM Kolkata Hostel,Hostel,Clear,False,None,False,,117
2025-01-05,Bistro 1,Restaurant,Cloudy,False,None,True,4.3,239
2025-01-05,Hostel B,Hostel,Clear,False,None,False,,34
2025-01-05,Spice Grill,Restaurant,Cloudy,False,None,True,4.4,333
2025-01-05,UEM Kolkata Hostel,Hostel,Clear,False,None,False,,81
2025-01-06,Bistro 1,Restaurant,Light Rain,False,None,False,4.4,131
2025-01-06,Hostel B,Hostel,Light Rain,False,Concert,False,,42
2025-01-06,Spice Grill,Restaurant,Clear,False,Local Festival,True,4.5,372
2025-01-06,UEM Kolkata Hostel,Hostel,Light Rain,False,None,False,,70
2025-01-07,Bistro 1,Restaurant,Clear,False,None,False,4.8,134
2025-01-07,Hostel B,Hostel,Clear,False,Local Festival,False,,53
2025-01-07,Spice Grill,Restaurant,Cloudy,False,None,True,4.2,309
2025-01-07,UEM Kolkata Hostel,Hostel,Clear,False,Local Festival,False,,69
2025-01-08,Bistro 1,Restaurant,Clear,False,None,False,3.5,111
2025-01-08,Hostel B,Hostel,Clear,False,Concert,False,,44
2025-01-08,Spice Grill,Restaurant,Clear,False,None,True,3.8,197
2025-01-08,UEM Kolkata Hostel,Hostel,Clear,False,None,False,,78
2025-01-09,Bistro 1,Restaurant,Light Rain,False,None,True,3.7,111
2025-01-09,Hostel B,Hostel,Light Rain,False,None,False,,47
2025-01-09,Spice Grill,Restaurant,Heatwave,False,None,True,4.0,196
2025-01-09,UEM Kolkata Hostel,Hostel,Heatwave,False,None,False,,108
2025-01-10,Bistro 1,Restaurant,Cloudy,False,None,False,3.5,114
2025-01-10,Hostel B,Hostel,Clear,False,Sports Match,False,,32
2025-01-10,Spice Grill,Restaurant,Cloudy,False,None,False,3.8,210
2025-01-10,UEM Kolkata Hostel,Hostel,Clear,False,Concert,False,,105
2025-01-11,Bistro 1,Restaurant,Clear,False,None,False,4.3,167
2025-01-11,Hostel B,Hostel,Light Rain,False,None,False,,38
2025-01-11,Spice Grill,Restaurant,Cloudy,False,Concert,False,4.6,345
2025-01-11,UEM Kolkata Hostel,Hostel,Cloudy,False,None,False,,129
2025-01-12,Bistro 1,Restaurant,Light Rain,False,None,False,3.7,153
2025-01-12,Hostel B,Hostel,Light Rain,False,None,False,,47
2025-01-12,Spice Grill,Restaurant,Cloudy,False,None,False,4.8,272
2025-01-12,UEM Kolkata Hostel,Hostel,Clear,False,None,False,,64
2025-01-13,Bistro 1,Restaurant,Light Rain,False,None,False,4.5,123
2025-01-13,Hostel B,Hostel,Heavy Rain,False,None,False,,30
2025-01-13,Spice Grill,Restaurant,Cloudy,False,None,False,3.9,182
2025-01-13,UEM Kolkata Hostel,Hostel,Cloudy,False,None,False,,79
2025-01-14,Bistro 1,Restaurant,Light Rain,False,None,False,3.7,123
2025-01-14,Hostel B,Hostel,Light Rain,False,None,False,,58
2025-01-14,Spice Grill,Restaurant,Clear,False,Local Festival,True,4.3,432
2025-01-14,UEM Kolkata Hostel,Hostel,Heavy Rain,False,None,False,,104
2025-01-15,Bistro 1,Restaurant,Cloudy,False,None,True,3.6,118
2025-01-15,Hostel B,Hostel,Clear,False,None,False,,54
2025-01-15,Spice Grill,Restaurant,Cloudy,False,Local Festival,False,3.8,259
2025-01-15,UEM Kolkata Hostel,Hostel,Clear,False,None,False,,83
2025-01-16,Bistro 1,Restaurant,Heatwave,False,None,False,4.7,127
2025-01-16,Hostel B,Hostel,Clear,False,None,False,,34
2025-01-16,Spice Grill,Restaurant,Cloudy,False,None,False,5.0,194
2025-01-16,UEM Kolkata Hostel,Hostel,Clear,False,None,False,,76
2025-01-17,Bistro 1,Restaurant,Clear,False,None,False,4.7,125
2025-01-17,Hostel B,Hostel,Clear,False,None,False,,47
2025-01-17,Spice Grill,Restaurant,Clear,False,None,True,3.8,227
2025-01-17,UEM Kolkata Hostel,Hostel,Clear,False,None,False,,78
2025-01-18,Bistro 1,Restaurant,Light Rain,False,None,False,3.7,160
2025-01-18,Hostel B,Hostel,Clear,False,None,False,,50
2025-01-18,Spice Grill,Restaurant,Heatwave,False,None,False,4.0,300
2025-01-18,UEM Kolkata Hostel,Hostel,Light Rain,False,Local Festival,False,,80
2025-01-19,Bistro 1,Restaurant,Light Rain,False,None,False,4.7,172
2025-01-19,Hostel B,Hostel,Light Rain,False,None,False,,61
2025-01-19,Spice Grill,Restaurant,Cloudy,False,None,True,4.6,415
2025-01-19,UEM Kolkata Hostel,Hostel,Clear,False,None,False,,125
2025-01-20,Bistro 1,Restaurant,Clear,False,None,True,4.8,178
2025-01-20,Hostel B,Hostel,Heatwave,False,Local Festival,False,,42
2025-01-20,Spice Grill,Restaurant,Clear,False,None,False,4.8,215
2025-01-20,UEM Kolkata Hostel,Hostel,Clear,False,None,False,,66
2025-01-21,Bistro 1,Restaurant,Heatwave,False,None,False,3.9,117
2025-01-21,Hostel B,Hostel,Cloudy,False,None,False,,47
2025-01-21,Spice Grill,Restaurant,Clear,False,None,True,4.0,226
2025-01-21,UEM Kolkata Hostel,Hostel,Clear,False,None,False,,73
2025-01-22,Bistro 1,Restaurant,Heatwave,False,None,True,4.5,170
2025-01-22,Hostel B,Hostel,Heavy Rain,False,None,False,,50
2025-01-22,Spice Grill,Restaurant,Cloudy,False,None,True,3.6,209
2025-01-22,UEM Kolkata Hostel,Hostel,Light Rain,False,None,False,,102
2025-01-23,Bistro 1,Restaurant,Cloudy,False,None,True,3.8,119
2025-01-23,Hostel B,Hostel,Clear,False,None,False,,50
2025-01-23,Spice Grill,Restaurant,Clear,False,None,True,4.3,359
2025-01-23,UEM Kolkata Hostel,Hostel,Clear,False,None,False,,117
2025-01-24,Bistro 1,Restaurant,Clear,False,None,True,4.9,173
2025-01-24,Hostel B,Hostel,Light Rain,False,None,False,,27
2025-01-24,Spice Grill,Restaurant,Clear,False,Sports Match,True,4.3,408
2025-01-24,UEM Kolkata Hostel,Hostel,Light Rain,False,None,False,,81
2025-01-25,Bistro 1,Restaurant,Heatwave,False,Local Festival,False,3.8,228
2025-01-25,Hostel B,Hostel,Cloudy,False,Sports Match,False,,31
2025-01-25,Spice Grill,Restaurant,Clear,False,None,True,4.7,451
2025-01-25,UEM Kolkata Hostel,Hostel,Cloudy,False,None,False,,115
2025-01-26,Bistro 1,Restaurant,Light Rain,False,None,True,4.7,258
2025-01-26,Hostel B,Hostel,Heavy Rain,False,None,False,,49
2025-01-26,Spice Grill,Restaurant,Clear,False,None,True,4.7,397
2025-01-26,UEM Kolkata Hostel,Hostel,Clear,False,None,False,,88
2025-01-27,Bistro 1,Restaurant,Clear,False,Sports Match,False,3.8,205
2025-01-27,Hostel B,Hostel,Clear,False,None,False,,58
2025-01-27,Spice Grill,Restaurant,Clear,False,None,False,4.4,209
2025-01-27,UEM Kolkata Hostel,Hostel,Clear,False,Concert,False,,68
2025-01-28,Bistro 1,Restaurant,Clear,False,None,False,4.2,119
2025-01-28,Hostel B,Hostel,Cloudy,False,None,False,,41
2025-01-28,Spice Grill,Restaurant,Clear,False,None,False,4.6,212
2025-01-28,UEM Kolkata Hostel,Hostel,Cloudy,False,None,False,,106
2025-01-29,Bistro 1,Restaurant,Light Rain,False,None,False,4.1,114
2025-01-29,Hostel B,Hostel,Clear,False,Concert,False,,55
2025-01-29,Spice Grill,Restaurant,Clear,False,None,False,3.6,209
2025-01-29,UEM Kolkata Hostel,Hostel,Clear,False,Concert,False,,70
2025-01-30,Bistro 1,Restaurant,Heatwave,False,None,False,4.1,114
2025-01-30,Hostel B,Hostel,Cloudy,False,None,False,,59
2025-01-30,Spice Grill,Restaurant,Heavy Rain,False,None,True,4.6,169
2025-01-30,UEM Kolkata Hostel,Hostel,Clear,False,None,False,,75
2025-01-31,Bistro 1,Restaurant,Clear,False,None,True,3.7,125
2025-01-31,Hostel B,Hostel,Heavy Rain,False,None,False,,55
2025-01-31,Spice Grill,Restaurant,Cloudy,False,Concert,False,3.9,278
2025-01-31,UEM Kolkata Hostel,Hostel,Cloudy,False,None,False,,120
2025-02-01,Bistro 1,Restaurant,Clear,False,None,False,4.6,179
2025-02-01,Hostel B,Hostel,Cloudy,False,None,False,,141
2025-02-01,Spice Grill,Restaurant,Clear,False,None,True,4.6,397
2025-02-01,UEM Kolkata Hostel,Hostel,Clear,False,Local Festival,False,,69
2025-02-02,Bistro 1,Restaurant,Clear,False,None,False,4.9,141
2025-02-02,Hostel B,Hostel,Clear,False,None,False,,161
2025-02-02,Spice Grill,Restaurant,Clear,False,Concert,False,4.8,413
2025-02-02,UEM Kolkata Hostel,Hostel,Heatwave,False,None,False,,295
2025-02-03,Bistro 1,Restaurant,Heatwave,False,None,True,4.4,169
2025-02-03,Hostel B,Hostel,Light Rain,False,None,False,,158
2025-02-03,Spice Grill,Restaurant,Light Rain,False,Concert,False,4.2,293
2025-02-03,UEM Kolkata Hostel,Hostel,Cloudy,False,Concert,False,,280
2025-02-04,Bistro 1,Restaurant,Clear,False,Concert,False,4.1,204
2025-02-04,Hostel B,Hostel,Heavy Rain,False,None,False,,168
2025-02-04,Spice Grill,Restaurant,Cloudy,False,None,True,4.9,302
2025-02-04,UEM Kolkata Hostel,Hostel,Light Rain,False,None,False,,305
2025-02-05,Bistro 1,Restaurant,Clear,False,None,True,4.6,169
2025-02-05,Hostel B,Hostel,Cloudy,False,None,False,,154
2025-02-05,Spice Grill,Restaurant,Heatwave,False,None,False,3.6,192
2025-02-05,UEM Kolkata Hostel,Hostel,Cloudy,False,None,False,,327
2025-02-06,Bistro 1,Restaurant,Clear,False,None,False,3.8,111
2025-02-06,Hostel B,Hostel,Cloudy,False,None,False,,162
2025-02-06,Spice Grill,Restaurant,Clear,False,None,True,3.7,223
2025-02-06,UEM Kolkata Hostel,Hostel,Clear,False,None,False,,318
2025-02-07,Bistro 1,Restaurant,Clear,False,Sports Match,False,4.2,181
2025-02-07,Hostel B,Hostel,Clear,False,None,False,,159
2025-02-07,Spice Grill,Restaurant,Light Rain,False,Concert,False,4.0,266
2025-02-07,UEM Kolkata Hostel,Hostel,Heatwave,False,Concert,False,,303
2025-02-08,Bistro 1,Restaurant,Clear,False,None,True,4.6,231
2025-02-08,Hostel B,Hostel,Clear,False,None,False,,136
2025-02-08,Spice Grill,Restaurant,Clear,False,None,False,4.1,296
2025-02-08,UEM Kolkata Hostel,Hostel,Clear,False,None,False,,282
2025-02-09,Bistro 1,Restaurant,Clear,False,None,True,4.3,225
2025-02-09,Hostel B,Hostel,Clear,False,None,False,,160
2025-02-09,Spice Grill,Restaurant,Light Rain,False,None,False,4.1,277
2025-02-09,UEM Kolkata Hostel,Hostel,Heatwave,False,None,False,,275
2025-02-10,Bistro 1,Restaurant,Cloudy,False,None,False,4.6,112
2025-02-10,Hostel B,Hostel,Heatwave,False,None,False,,163
2025-02-10,Spice Grill,Restaurant,Clear,False,None,False,4.8,182
2025-02-10,UEM Kolkata Hostel,Hostel,Clear,False,Concert,False,,303
2025-02-11,Bistro 1,Restaurant,Light Rain,False,None,False,4.4,127
2025-02-11,Hostel B,Hostel,Light Rain,False,None,False,,138
2025-02-11,Spice Grill,Restaurant,Clear,False,Sports Match,True,3.7,328
2025-02-11,UEM Kolkata Hostel,Hostel,Heavy Rain,False,None,False,,324
2025-02-12,Bistro 1,Restaurant,Heatwave,False,None,True,4.9,186
2025-02-12,Hostel B,Hostel,Cloudy,False,None,False,,141
2025-02-12,Spice Grill,Restaurant,Cloudy,False,None,False,4.7,211
2025-02-12,UEM Kolkata Hostel,Hostel,Cloudy,False,None,False,,298
2025-02-13,Bistro 1,Restaurant,Light Rain,False,None,True,4.1,118
2025-02-13,Hostel B,Hostel,Clear,False,None,False,,148
2025-02-13,Spice Grill,Restaurant,Heatwave,False,None,True,4.7,326
2025-02-13,UEM Kolkata Hostel,Hostel,Clear,False,None,False,,273
2025-02-14,Bistro 1,Restaurant,Clear,False,None,True,4.6,193
2025-02-14,Hostel B,Hostel,Clear,False,None,False,,149
2025-02-14,Spice Grill,Restaurant,Light Rain,False,None,True,4.4,293
2025-02-14,UEM Kolkata Hostel,Hostel,Light Rain,False,None,False,,309
2025-02-15,Bistro 1,Restaurant,Cloudy,False,None,False,4.2,166
2025-02-15,Hostel B,Hostel,Clear,False,None,False,,157
2025-02-15,Spice Grill,Restaurant,Heavy Rain,False,None,True,4.0,126
2025-02-15,UEM Kolkata Hostel,Hostel,Clear,False,None,False,,304
2025-02-16,Bistro 1,Restaurant,Clear,False,Local Festival,False,4.0,239
2025-02-16,Hostel B,Hostel,Heatwave,False,None,False,,146
2025-02-16,Spice Grill,Restaurant,Heatwave,False,None,True,4.2,369
2025-02-16,UEM Kolkata Hostel,Hostel,Cloudy,False,Concert,False,,297
2025-02-17,Bistro 1,Restaurant,Heavy Rain,False,Concert,True,4.2,116
2025-02-17,Hostel B,Hostel,Clear,False,None,False,,163
2025-02-17,Spice Grill,Restaurant,Clear,False,None,False,3.7,211
2025-02-17,UEM Kolkata Hostel,Hostel,Clear,False,None,False,,289
2025-02-18,Bistro 1,Restaurant,Clear,False,None,True,4.5,202
2025-02-18,Hostel B,Hostel,Cloudy,False,None,False,,139
2025-02-18,Spice Grill,Restaurant,Clear,False,None,True,4.4,312
2025-02-18,UEM Kolkata Hostel,Hostel,Light Rain,False,None,False,,291
2025-02-19,Bistro 1,Restaurant,Clear,False,None,False,3.5,121
2025-02-19,Hostel B,Hostel,Clear,False,None,False,,155
2025-02-19,Spice Grill,Restaurant,Clear,False,None,False,4.5,228
2025-02-19,UEM Kolkata Hostel,Hostel,Clear,False,None,False,,307
2025-02-20,Bistro 1,Restaurant,Clear,False,None,False,4.9,137
2025-02-20,Hostel B,Hostel,Clear,False,None,False,,162
2025-02-20,Spice Grill,Restaurant,Clear,False,None,False,3.7,218
2025-02-20,UEM Kolkata Hostel,Hostel,Clear,False,None,False,,320
2025-02-21,Bistro 1,Restaurant,Clear,False,None,False,3.6,118
2025-02-21,Hostel B,Hostel,Clear,False,None,False,,147
2025-02-21,Spice Grill,Restaurant,Clear,False,None,False,4.9,203
2025-02-21,UEM Kolkata Hostel,Hostel,Clear,False,None,False,,324
2025-02-22,Bistro 1,Restaurant,Clear,False,None,False,4.1,173
2025-02-22,Hostel B,Hostel,Clear,False,None,False,,159
2025-02-22,Spice Grill,Restaurant,Clear,False,None,True,4.5,484
2025-02-22,UEM Kolkata Hostel,Hostel,Heatwave,False,None,False,,317
2025-02-23,Bistro 1,Restaurant,Cloudy,False,None,True,4.7,229
2025-02-23,Hostel B,Hostel,Light Rain,False,None,False,,142
2025-02-23,Spice Grill,Restaurant,Clear,False,None,True,3.8,257
2025-02-23,UEM Kolkata Hostel,Hostel,Cloudy,False,None,False,,318
2025-02-24,Bistro 1,Restaurant,Clear,False,None,True,3.6,118
2025-02-24,Hostel B,Hostel,Cloudy,False,None,False,,141
2025-02-24,Spice Grill,Restaurant,Cloudy,False,Local Festival,False,4.2,279
2025-02-24,UEM Kolkata Hostel,Hostel,Clear,False,None,False,,312
2025-02-25,Bistro 1,Restaurant,Cloudy,False,None,True,4.4,172
2025-02-25,Hostel B,Hostel,Heatwave,False,None,False,,140
2025-02-25,Spice Grill,Restaurant,Clear,False,None,False,4.0,216
2025-02-25,UEM Kolkata Hostel,Hostel,Clear,False,Sports Match,False,,280
2025-02-26,Bistro 1,Restaurant,Clear,False,None,True,4.4,177
2025-02-26,Hostel B,Hostel,Clear,False,None,False,,153
2025-02-26,Spice Grill,Restaurant,Cloudy,False,None,False,3.7,217
2025-02-26,UEM Kolkata Hostel,Hostel,Clear,False,None,False,,319
2025-02-27,Bistro 1,Restaurant,Cloudy,False,Concert,True,3.5,156
2025-02-27,Hostel B,Hostel,Clear,False,None,False,,143
2025-02-27,Spice Grill,Restaurant,Light Rain,False,None,False,4.1,195
2025-02-27,UEM Kolkata Hostel,Hostel,Clear,False,Sports Match,False,,280
2025-02-28,Bistro 1,Restaurant,Clear,False,None,True,3.5,133
2025-02-28,Hostel B,Hostel,Cloudy,False,Local Festival,False,,60
2025-02-28,Spice Grill,Restaurant,Cloudy,False,None,False,4.0,204
2025-02-28,UEM Kolkata Hostel,Hostel,Cloudy,False,None,False,,273
2025-03-01,Bistro 1,Restaurant,Cloudy,False,Concert,True,4.3,336
2025-03-01,Hostel B,Hostel,Clear,False,None,False,,152
2025-03-01,Spice Grill,Restaurant,Cloudy,False,None,True,3.8,245
2025-03-01,UEM Kolkata Hostel,Hostel,Clear,False,None,False,,284
2025-03-02,Bistro 1,Restaurant,Light Rain,False,None,True,4.8,240
2025-03-02,Hostel B,Hostel,Heatwave,False,None,False,,149
2025-03-02,Spice Grill,Restaurant,Clear,False,None,False,4.1,277
2025-03-02,UEM Kolkata Hostel,Hostel,Clear,False,Local Festival,False,,101
2025-03-03,Bistro 1,Restaurant,Cloudy,False,Local Festival,False,3.9,191
2025-03-03,Hostel B,Hostel,Clear,False,None,False,,135
2025-03-03,Spice Grill,Restaurant,Heatwave,False,None,False,4.5,215
2025-03-03,UEM Kolkata Hostel,Hostel,Clear,False,None,False,,294
2025-03-04,Bistro 1,Restaurant,Clear,False,None,False,4.2,122
2025-03-04,Hostel B,Hostel,Clear,False,None,False,,142
2025-03-04,Spice Grill,Restaurant,Cloudy,False,Concert,True,3.6,236
2025-03-04,UEM Kolkata Hostel,Hostel,Clear,False,None,False,,323
2025-03-05,Bistro 1,Restaurant,Clear,False,None,False,5.0,130
2025-03-05,Hostel B,Hostel,Heatwave,False,None,False,,152
2025-03-05,Spice Grill,Restaurant,Light Rain,False,None,False,3.8,205
2025-03-05,UEM Kolkata Hostel,Hostel,Cloudy,False,None,False,,270
2025-03-06,Bistro 1,Restaurant,Light Rain,False,None,False,5.0,130
2025-03-06,Hostel B,Hostel,Cloudy,False,None,False,,162
2025-03-06,Spice Grill,Restaurant,Light Rain,False,Local Festival,False,3.5,284
2025-03-06,UEM Kolkata Hostel,Hostel,Light Rain,False,None,False,,305
2025-03-07,Bistro 1,Restaurant,Cloudy,False,None,False,4.6,123
2025-03-07,Hostel B,Hostel,Light Rain,False,Sports Match,False,,153
2025-03-07,Spice Grill,Restaurant,Clear,False,None,False,4.6,227
2025-03-07,UEM Kolkata Hostel,Hostel,Cloudy,False,None,False,,307
2025-03-08,Bistro 1,Restaurant,Clear,False,Sports Match,False,4.8,264
2025-03-08,Hostel B,Hostel,Light Rain,False,None,False,,162
2025-03-08,Spice Grill,Restaurant,Clear,False,Sports Match,True,4.8,533
2025-03-08,UEM Kolkata Hostel,Hostel,Clear,False,None,False,,311
2025-03-09,Bistro 1,Restaurant,Clear,False,None,False,4.1,163
2025-03-09,Hostel B,Hostel,Cloudy,False,None,False,,163
2025-03-09,Spice Grill,Restaurant,Cloudy,False,None,False,4.4,271
2025-03-09,UEM Kolkata Hostel,Hostel,Clear,False,None,False,,293
2025-03-10,Bistro 1,Restaurant,Cloudy,False,None,True,3.8,110
2025-03-10,Hostel B,Hostel,Clear,False,None,False,,153
2025-03-10,Spice Grill,Restaurant,Heavy Rain,False,None,True,4.3,129
2025-03-10,UEM Kolkata Hostel,Hostel,Heavy Rain,False,Concert,False,,298
2025-03-11,Bistro 1,Restaurant,Clear,False,None,False,4.6,115
2025-03-11,Hostel B,Hostel,Cloudy,False,None,False,,138
2025-03-11,Spice Grill,Restaurant,Clear,False,None,True,4.0,211
2025-03-11,UEM Kolkata Hostel,Hostel,Clear,False,None,False,,323
2025-03-12,Bistro 1,Restaurant,Cloudy,False,None,True,4.2,180
2025-03-12,Hostel B,Hostel,Clear,False,None,False,,145
2025-03-12,Spice Grill,Restaurant,Clear,False,Local Festival,False,5.0,281
2025-03-12,UEM Kolkata Hostel,Hostel,Cloudy,False,None,False,,312
2025-03-13,Bistro 1,Restaurant,Clear,False,None,False,3.5,128
2025-03-13,Hostel B,Hostel,Clear,False,None,False,,162
2025-03-13,Spice Grill,Restaurant,Clear,False,None,False,3.6,216
2025-03-13,UEM Kolkata Hostel,Hostel,Clear,False,None,False,,273
2025-03-14,Bistro 1,Restaurant,Clear,False,Concert,False,3.6,167
2025-03-14,Hostel B,Hostel,Clear,False,None,False,,138
2025-03-14,Spice Grill,Restaurant,Cloudy,False,None,False,4.2,188
2025-03-14,UEM Kolkata Hostel,Hostel,Light Rain,False,None,False,,279
2025-03-15,Bistro 1,Restaurant,Light Rain,False,Sports Match,False,4.6,223
2025-03-15,Hostel B,Hostel,Light Rain,False,None,False,,159
2025-03-15,Spice Grill,Restaurant,Heatwave,False,None,False,3.5,260
2025-03-15,UEM Kolkata Hostel,Hostel,Clear,False,None,False,,318
2025-03-16,Bistro 1,Restaurant,Clear,False,Sports Match,True,5.0,319
2025-03-16,Hostel B,Hostel,Clear,False,None,False,,144
2025-03-16,Spice Grill,Restaurant,Clear,False,None,True,4.8,460
2025-03-16,UEM Kolkata Hostel,Hostel,Clear,False,None,False,,274
2025-03-17,Bistro 1,Restaurant,Clear,False,None,True,3.6,111
2025-03-17,Hostel B,Hostel,Heatwave,False,None,False,,147
2025-03-17,Spice Grill,Restaurant,Heavy Rain,False,None,False,4.8,99
2025-03-17,UEM Kolkata Hostel,Hostel,Clear,False,None,False,,310
2025-03-18,Bistro 1,Restaurant,Clear,False,None,True,3.6,135
2025-03-18,Hostel B,Hostel,Cloudy,False,None,False,,153
2025-03-18,Spice Grill,Restaurant,Clear,False,None,True,5.0,305
2025-03-18,UEM Kolkata Hostel,Hostel,Light Rain,False,None,False,,316
2025-03-19,Bistro 1,Restaurant,Cloudy,False,None,True,3.9,129
2025-03-19,Hostel B,Hostel,Cloudy,False,None,False,,150
2025-03-19,Spice Grill,Restaurant,Clear,False,None,False,3.7,221
2025-03-19,UEM Kolkata Hostel,Hostel,Cloudy,False,None,False,,307
2025-03-20,Bistro 1,Restaurant,Clear,False,None,False,4.3,131
2025-03-20,Hostel B,Hostel,Cloudy,False,Concert,False,,145
2025-03-20,Spice Grill,Restaurant,Clear,False,None,True,4.8,254
2025-03-20,UEM Kolkata Hostel,Hostel,Clear,False,None,False,,293
2025-03-21,Bistro 1,Restaurant,Clear,False,None,False,3.7,134
2025-03-21,Hostel B,Hostel,Cloudy,False,Local Festival,False,,54
2025-03-21,Spice Grill,Restaurant,Clear,False,None,True,4.9,301
2025-03-21,UEM Kolkata Hostel,Hostel,Light Rain,False,Local Festival,False,,67
2025-03-22,Bistro 1,Restaurant,Clear,False,None,True,4.8,279
2025-03-22,Hostel B,Hostel,Light Rain,False,None,False,,161
2025-03-22,Spice Grill,Restaurant,Heatwave,False,None,True,4.0,317
2025-03-22,UEM Kolkata Hostel,Hostel,Light Rain,False,None,False,,312
2025-03-23,Bistro 1,Restaurant,Light Rain,False,None,True,4.1,187
2025-03-23,Hostel B,Hostel,Heatwave,False,None,False,,135
2025-03-23,Spice Grill,Restaurant,Heatwave,False,None,False,4.0,244
2025-03-23,UEM Kolkata Hostel,Hostel,Cloudy,False,None,False,,293
2025-03-24,Bistro 1,Restaurant,Clear,False,None,False,4.0,129
2025-03-24,Hostel B,Hostel,Cloudy,False,None,False,,154
2025-03-24,Spice Grill,Restaurant,Clear,False,Local Festival,False,4.5,312
2025-03-24,UEM Kolkata Hostel,Hostel,Clear,False,Local Festival,False,,105
2025-03-25,Bistro 1,Restaurant,Light Rain,False,None,True,4.2,195
2025-03-25,Hostel B,Hostel,Clear,False,None,False,,152
2025-03-25,Spice Grill,Restaurant,Clear,False,None,False,4.1,207
2025-03-25,UEM Kolkata Hostel,Hostel,Clear,False,None,False,,291
2025-03-26,Bistro 1,Restaurant,Clear,False,None,True,4.4,192
2025-03-26,Hostel B,Hostel,Clear,False,None,False,,160
2025-03-26,Spice Grill,Restaurant,Heatwave,False,None,True,3.8,186
2025-03-26,UEM Kolkata Hostel,Hostel,Clear,False,None,False,,277
2025-03-27,Bistro 1,Restaurant,Clear,False,None,True,4.6,184
2025-03-27,Hostel B,Hostel,Cloudy,False,None,False,,157
2025-03-27,Spice Grill,Restaurant,Clear,False,None,False,4.0,200
2025-03-27,UEM Kolkata Hostel,Hostel,Clear,False,None,False,,289
2025-03-28,Bistro 1,Restaurant,Light Rain,False,None,True,3.8,112
2025-03-28,Hostel B,Hostel,Clear,False,None,False,,141
2025-03-28,Spice Grill,Restaurant,Clear,False,None,False,4.9,222
2025-03-28,UEM Kolkata Hostel,Hostel,Clear,False,Local Festival,False,,68
2025-03-29,Bistro 1,Restaurant,Clear,False,None,False,4.6,170
2025-03-29,Hostel B,Hostel,Clear,False,None,False,,136
2025-03-29,Spice Grill,Restaurant,Clear,False,None,True,5.0,409
2025-03-29,UEM Kolkata Hostel,Hostel,Light Rain,False,None,False,,313
2025-03-30,Bistro 1,Restaurant,Light Rain,False,None,False,3.9,179
2025-03-30,Hostel B,Hostel,Cloudy,False,None,False,,158
2025-03-30,Spice Grill,Restaurant,Light Rain,False,None,False,4.8,263
2025-03-30,UEM Kolkata Hostel,Hostel,Clear,False,None,False,,281
2025-03-31,Bistro 1,Restaurant,Clear,False,None,False,4.7,124
2025-03-31,Hostel B,Hostel,Cloudy,False,None,False,,162
2025-03-31,Spice Grill,Restaurant,Clear,False,None,False,4.7,211
2025-03-31,UEM Kolkata Hostel,Hostel,Cloudy,False,None,False,,307
2025-04-01,Bistro 1,Restaurant,Heatwave,False,None,True,4.3,163
2025-04-01,Hostel B,Hostel,Cloudy,True,None,False,,106
2025-04-01,Spice Grill,Restaurant,Clear,False,None,True,4.5,260
2025-04-01,UEM Kolkata Hostel,Hostel,Cloudy,True,None,False,,247
2025-04-02,Bistro 1,Restaurant,Heatwave,False,None,True,4.9,183
2025-04-02,Hostel B,Hostel,Clear,True,None,False,,100
2025-04-02,Spice Grill,Restaurant,Light Rain,False,None,True,3.8,199
2025-04-02,UEM Kolkata Hostel,Hostel,Cloudy,True,None,False,,238
2025-04-03,Bistro 1,Restaurant,Cloudy,False,None,True,4.0,130
2025-04-03,Hostel B,Hostel,Clear,True,None,False,,143
2025-04-03,Spice Grill,Restaurant,Light Rain,False,Local Festival,True,4.8,435
2025-04-03,UEM Kolkata Hostel,Hostel,Clear,True,Concert,False,,243
2025-04-04,Bistro 1,Restaurant,Clear,False,None,False,4.7,121
2025-04-04,Hostel B,Hostel,Light Rain,True,Local Festival,False,,39
2025-04-04,Spice Grill,Restaurant,Clear,False,None,True,4.6,350
2025-04-04,UEM Kolkata Hostel,Hostel,Light Rain,True,None,False,,241
2025-04-05,Bistro 1,Restaurant,Clear,False,None,False,4.0,149
2025-04-05,Hostel B,Hostel,Heatwave,True,None,False,,143
2025-04-05,Spice Grill,Restaurant,Clear,False,None,False,4.1,258
2025-04-05,UEM Kolkata Hostel,Hostel,Heavy Rain,True,None,False,,210
2025-04-06,Bistro 1,Restaurant,Heatwave,False,None,True,3.5,169
2025-04-06,Hostel B,Hostel,Clear,True,None,False,,110
2025-04-06,Spice Grill,Restaurant,Heavy Rain,False,Local Festival,True,4.6,290
2025-04-06,UEM Kolkata Hostel,Hostel,Heavy Rain,True,None,False,,253
2025-04-07,Bistro 1,Restaurant,Light Rain,False,None,False,4.7,111
2025-04-07,Hostel B,Hostel,Clear,True,None,False,,106
2025-04-07,Spice Grill,Restaurant,Clear,False,None,True,4.6,301
2025-04-07,UEM Kolkata Hostel,Hostel,Clear,True,None,False,,242
2025-04-08,Bistro 1,Restaurant,Clear,False,None,True,4.1,125
2025-04-08,Hostel B,Hostel,Light Rain,True,None,False,,106
2025-04-08,Spice Grill,Restaurant,Heatwave,False,Sports Match,True,3.6,237
2025-04-08,UEM Kolkata Hostel,Hostel,Clear,True,None,False,,240
2025-04-09,Bistro 1,Restaurant,Cloudy,False,Concert,True,4.2,264
2025-04-09,Hostel B,Hostel,Clear,True,None,False,,106
2025-04-09,Spice Grill,Restaurant,Cloudy,False,None,False,4.4,201
2025-04-09,UEM Kolkata Hostel,Hostel,Cloudy,True,None,False,,242
2025-04-10,Bistro 1,Restaurant,Cloudy,False,None,True,4.8,146
2025-04-10,Hostel B,Hostel,Clear,True,None,False,,133
2025-04-10,Spice Grill,Restaurant,Clear,False,Sports Match,False,4.1,314
2025-04-10,UEM Kolkata Hostel,Hostel,Clear,True,None,False,,222
2025-04-11,Bistro 1,Restaurant,Clear,False,None,True,4.7,168
2025-04-11,Hostel B,Hostel,Heavy Rain,True,None,False,,130
2025-04-11,Spice Grill,Restaurant,Clear,False,None,False,3.9,205
2025-04-11,UEM Kolkata Hostel,Hostel,Heatwave,True,None,False,,233
2025-04-12,Bistro 1,Restaurant,Clear,False,None,True,4.7,290
2025-04-12,Hostel B,Hostel,Clear,True,None,False,,114
2025-04-12,Spice Grill,Restaurant,Clear,False,None,True,4.7,388
2025-04-12,UEM Kolkata Hostel,Hostel,Clear,True,None,False,,204
2025-04-13,Bistro 1,Restaurant,Light Rain,False,None,False,4.5,155
2025-04-13,Hostel B,Hostel,Cloudy,True,None,False,,105
2025-04-13,Spice Grill,Restaurant,Clear,False,Sports Match,True,4.8,660
2025-04-13,UEM Kolkata Hostel,Hostel,Clear,True,Concert,False,,218
2025-04-14,Bistro 1,Restaurant,Clear,False,None,True,4.2,176
2025-04-14,Hostel B,Hostel,Clear,True,None,False,,97
2025-04-14,Spice Grill,Restaurant,Clear,False,None,True,3.6,205
2025-04-14,UEM Kolkata Hostel,Hostel,Clear,True,None,False,,290
2025-04-15,Bistro 1,Restaurant,Clear,False,None,False,3.6,109
2025-04-15,Hostel B,Hostel,Clear,True,None,False,,126
2025-04-15,Spice Grill,Restaurant,Clear,False,None,False,4.3,211
2025-04-15,UEM Kolkata Hostel,Hostel,Clear,True,None,False,,252
2025-04-16,Bistro 1,Restaurant,Clear,False,None,True,4.0,137
2025-04-16,Hostel B,Hostel,Cloudy,True,None,False,,113
2025-04-16,Spice Grill,Restaurant,Clear,False,None,True,4.0,199
2025-04-16,UEM Kolkata Hostel,Hostel,Cloudy,True,None,False,,271
2025-04-17,Bistro 1,Restaurant,Cloudy,False,None,False,4.0,117
2025-04-17,Hostel B,Hostel,Clear,True,None,False,,107
2025-04-17,Spice Grill,Restaurant,Clear,False,None,True,3.6,201
2025-04-17,UEM Kolkata Hostel,Hostel,Clear,True,None,False,,205
2025-04-18,Bistro 1,Restaurant,Clear,False,None,False,4.2,144
2025-04-18,Hostel B,Hostel,Heatwave,True,None,False,,133
2025-04-18,Spice Grill,Restaurant,Clear,False,None,True,3.8,199
2025-04-18,UEM Kolkata Hostel,Hostel,Clear,True,Concert,False,,242
2025-04-19,Bistro 1,Restaurant,Clear,False,None,True,4.2,201
2025-04-19,Hostel B,Hostel,Cloudy,True,None,False,,129
2025-04-19,Spice Grill,Restaurant,Heatwave,False,Concert,False,3.8,367
2025-04-19,UEM Kolkata Hostel,Hostel,Heavy Rain,True,None,False,,250
2025-04-20,Bistro 1,Restaurant,Clear,False,None,True,4.4,252
2025-04-20,Hostel B,Hostel,Clear,True,None,False,,131
2025-04-20,Spice Grill,Restaurant,Clear,False,None,False,4.1,342
2025-04-20,UEM Kolkata Hostel,Hostel,Cloudy,True,None,False,,246
2025-04-21,Bistro 1,Restaurant,Clear,False,Local Festival,True,4.5,258
2025-04-21,Hostel B,Hostel,Cloudy,True,Sports Match,False,,121
2025-04-21,Spice Grill,Restaurant,Heatwave,False,None,True,5.0,331
2025-04-21,UEM Kolkata Hostel,Hostel,Clear,True,Concert,False,,256
2025-04-22,Bistro 1,Restaurant,Cloudy,False,None,False,4.1,122
2025-04-22,Hostel B,Hostel,Clear,True,None,False,,118
2025-04-22,Spice Grill,Restaurant,Light Rain,False,Concert,True,4.5,450
2025-04-22,UEM Kolkata Hostel,Hostel,Clear,True,None,False,,237
2025-04-23,Bistro 1,Restaurant,Cloudy,False,None,False,4.7,126
2025-04-23,Hostel B,Hostel,Clear,True,None,False,,127
2025-04-23,Spice Grill,Restaurant,Clear,False,None,True,4.6,314
2025-04-23,UEM Kolkata Hostel,Hostel,Cloudy,True,None,False,,263
2025-04-24,Bistro 1,Restaurant,Heatwave,False,None,True,4.7,194
2025-04-24,Hostel B,Hostel,Clear,True,None,False,,118
2025-04-24,Spice Grill,Restaurant,Heatwave,False,None,True,4.1,197
2025-04-24,UEM Kolkata Hostel,Hostel,Clear,True,None,False,,203
2025-04-25,Bistro 1,Restaurant,Heavy Rain,False,Concert,True,4.7,103
2025-04-25,Hostel B,Hostel,Light Rain,True,None,False,,112
2025-04-25,Spice Grill,Restaurant,Clear,False,None,True,4.5,271
2025-04-25,UEM Kolkata Hostel,Hostel,Clear,True,None,False,,221
2025-04-26,Bistro 1,Restaurant,Heatwave,False,None,False,3.6,160
2025-04-26,Hostel B,Hostel,Clear,True,Concert,False,,105
2025-04-26,Spice Grill,Restaurant,Clear,False,None,True,3.9,281
2025-04-26,UEM Kolkata Hostel,Hostel,Clear,True,None,False,,271
2025-04-27,Bistro 1,Restaurant,Cloudy,False,None,True,4.2,215
2025-04-27,Hostel B,Hostel,Clear,True,Sports Match,False,,105
2025-04-27,Spice Grill,Restaurant,Light Rain,False,Sports Match,False,4.6,392
2025-04-27,UEM Kolkata Hostel,Hostel,Clear,True,None,False,,214
2025-04-28,Bistro 1,Restaurant,Light Rain,False,None,True,5.0,187
2025-04-28,Hostel B,Hostel,Clear,True,Local Festival,False,,28
2025-04-28,Spice Grill,Restaurant,Clear,False,None,True,4.9,303
2025-04-28,UEM Kolkata Hostel,Hostel,Light Rain,True,None,False,,200
2025-04-29,Bistro 1,Restaurant,Cloudy,False,None,True,4.4,180
2025-04-29,Hostel B,Hostel,Cloudy,True,None,False,,129
2025-04-29,Spice Grill,Restaurant,Cloudy,False,None,True,4.7,314
2025-04-29,UEM Kolkata Hostel,Hostel,Cloudy,True,None,False,,225
2025-04-30,Bistro 1,Restaurant,Light Rain,False,None,False,4.6,118
2025-04-30,Hostel B,Hostel,Heatwave,True,None,False,,111
2025-04-30,Spice Grill,Restaurant,Clear,False,Sports Match,False,4.6,270
2025-04-30,UEM Kolkata Hostel,Hostel,Cloudy,True,Concert,False,,220
2025-05-01,Bistro 1,Restaurant,Clear,False,None,False,4.8,111
2025-05-01,Hostel B,Hostel,Heatwave,True,None,False,,114
2025-05-01,Spice Grill,Restaurant,Heavy Rain,False,None,False,4.3,97
2025-05-01,UEM Kolkata Hostel,Hostel,Light Rain,True,None,False,,220
2025-05-02,Bistro 1,Restaurant,Cloudy,False,None,False,4.6,128
2025-05-02,Hostel B,Hostel,Clear,True,None,False,,130
2025-05-02,Spice Grill,Restaurant,Cloudy,False,None,True,5.0,307
2025-05-02,UEM Kolkata Hostel,Hostel,Clear,True,None,False,,256
2025-05-03,Bistro 1,Restaurant,Clear,False,None,True,5.0,234
2025-05-03,Hostel B,Hostel,Cloudy,True,None,False,,104
2025-05-03,Spice Grill,Restaurant,Cloudy,False,None,True,4.4,374
2025-05-03,UEM Kolkata Hostel,Hostel,Cloudy,True,None,False,,243
2025-05-04,Bistro 1,Restaurant,Heatwave,False,None,True,4.3,244
2025-05-04,Hostel B,Hostel,Cloudy,True,None,False,,99
2025-05-04,Spice Grill,Restaurant,Cloudy,False,Sports Match,True,4.6,645
2025-05-04,UEM Kolkata Hostel,Hostel,Clear,True,None,False,,251
2025-05-05,Bistro 1,Restaurant,Light Rain,False,None,False,4.9,110
2025-05-05,Hostel B,Hostel,Light Rain,True,None,False,,110
2025-05-05,Spice Grill,Restaurant,Cloudy,False,None,True,4.1,203
2025-05-05,UEM Kolkata Hostel,Hostel,Clear,True,None,False,,232
2025-05-06,Bistro 1,Restaurant,Cloudy,False,None,True,4.5,172
2025-05-06,Hostel B,Hostel,Clear,True,None,False,,114
2025-05-06,Spice Grill,Restaurant,Light Rain,False,None,False,4.8,192
2025-05-06,UEM Kolkata Hostel,Hostel,Clear,True,None,False,,250
2025-05-07,Bistro 1,Restaurant,Cloudy,False,None,True,3.9,118
2025-05-07,Hostel B,Hostel,Clear,True,None,False,,110
2025-05-07,Spice Grill,Restaurant,Clear,False,None,True,3.9,210
2025-05-07,UEM Kolkata Hostel,Hostel,Light Rain,True,None,False,,224
2025-05-08,Bistro 1,Restaurant,Clear,False,None,True,4.4,206
2025-05-08,Hostel B,Hostel,Clear,True,None,False,,105
2025-05-08,Spice Grill,Restaurant,Clear,False,None,False,4.6,193
2025-05-08,UEM Kolkata Hostel,Hostel,Cloudy,True,None,False,,236
2025-05-09,Bistro 1,Restaurant,Clear,False,Sports Match,False,4.7,184
2025-05-09,Hostel B,Hostel,Clear,True,Sports Match,False,,112
2025-05-09,Spice Grill,Restaurant,Clear,False,None,False,4.0,214
2025-05-09,UEM Kolkata Hostel,Hostel,Clear,True,None,False,,209
2025-05-10,Bistro 1,Restaurant,Heatwave,False,None,False,4.3,153
2025-05-10,Hostel B,Hostel,Cloudy,True,None,False,,116
2025-05-10,Spice Grill,Restaurant,Cloudy,False,None,True,4.3,331
2025-05-10,UEM Kolkata Hostel,Hostel,Light Rain,True,None,False,,222
2025-05-11,Bistro 1,Restaurant,Light Rain,False,None,True,4.9,237
2025-05-11,Hostel B,Hostel,Cloudy,True,None,False,,109
2025-05-11,Spice Grill,Restaurant,Light Rain,False,None,True,4.6,423
2025-05-11,UEM Kolkata Hostel,Hostel,Clear,True,None,False,,280
2025-05-12,Bistro 1,Restaurant,Cloudy,False,None,True,4.3,168
2025-05-12,Hostel B,Hostel,Clear,True,None,False,,115
2025-05-12,Spice Grill,Restaurant,Clear,False,None,True,3.7,221
2025-05-12,UEM Kolkata Hostel,Hostel,Clear,True,None,False,,275
2025-05-13,Bistro 1,Restaurant,Heatwave,False,None,False,4.7,126
2025-05-13,Hostel B,Hostel,Clear,True,None,False,,111
2025-05-13,Spice Grill,Restaurant,Clear,False,None,False,4.9,228
2025-05-13,UEM Kolkata Hostel,Hostel,Heatwave,True,None,False,,222
2025-05-14,Bistro 1,Restaurant,Light Rain,False,None,True,4.3,176
2025-05-14,Hostel B,Hostel,Heatwave,True,Local Festival,False,,25
2025-05-14,Spice Grill,Restaurant,Cloudy,False,None,False,4.6,180
2025-05-14,UEM Kolkata Hostel,Hostel,Heatwave,True,None,False,,262
2025-05-15,Bistro 1,Restaurant,Heatwave,False,None,True,4.8,166
2025-05-15,Hostel B,Hostel,Cloudy,True,None,False,,124
2025-05-15,Spice Grill,Restaurant,Clear,False,Sports Match,False,3.6,327
2025-05-15,UEM Kolkata Hostel,Hostel,Clear,True,None,False,,203
2025-05-16,Bistro 1,Restaurant,Cloudy,False,None,False,4.8,111
2025-05-16,Hostel B,Hostel,Cloudy,True,None,False,,128
2025-05-16,Spice Grill,Restaurant,Cloudy,False,Local Festival,False,3.9,275
2025-05-16,UEM Kolkata Hostel,Hostel,Heavy Rain,True,None,False,,249
2025-05-17,Bistro 1,Restaurant,Cloudy,False,None,False,4.3,143
2025-05-17,Hostel B,Hostel,Clear,True,None,False,,110
2025-05-17,Spice Grill,Restaurant,Clear,False,None,True,4.7,340
2025-05-17,UEM Kolkata Hostel,Hostel,Light Rain,True,None,False,,277
2025-05-18,Bistro 1,Restaurant,Heatwave,False,None,False,5.0,150
2025-05-18,Hostel B,Hostel,Clear,True,None,False,,96
2025-05-18,Spice Grill,Restaurant,Heavy Rain,False,None,True,4.7,210
2025-05-18,UEM Kolkata Hostel,Hostel,Cloudy,True,None,False,,207
2025-05-19,Bistro 1,Restaurant,Cloudy,False,None,True,4.6,159
2025-05-19,Hostel B,Hostel,Clear,True,Sports Match,False,,133
2025-05-19,Spice Grill,Restaurant,Light Rain,False,None,True,3.7,197
2025-05-19,UEM Kolkata Hostel,Hostel,Clear,True,None,False,,271
2025-05-20,Bistro 1,Restaurant,Clear,False,None,True,3.5,115
2025-05-20,Hostel B,Hostel,Heatwave,True,None,False,,141
2025-05-20,Spice Grill,Restaurant,Clear,False,None,False,4.0,211
2025-05-20,UEM Kolkata Hostel,Hostel,Clear,True,Sports Match,False,,278
2025-05-21,Bistro 1,Restaurant,Clear,False,None,True,4.9,183
2025-05-21,Hostel B,Hostel,Cloudy,True,Local Festival,False,,36
2025-05-21,Spice Grill,Restaurant,Clear,False,Local Festival,True,4.2,474
2025-05-21,UEM Kolkata Hostel,Hostel,Heatwave,True,None,False,,240
2025-05-22,Bistro 1,Restaurant,Clear,False,None,True,3.9,136
2025-05-22,Hostel B,Hostel,Clear,True,None,False,,123
2025-05-22,Spice Grill,Restaurant,Clear,False,Sports Match,True,3.7,235
2025-05-22,UEM Kolkata Hostel,Hostel,Light Rain,True,Concert,False,,194
2025-05-23,Bistro 1,Restaurant,Light Rain,False,Local Festival,True,4.1,159
2025-05-23,Hostel B,Hostel,Clear,True,None,False,,112
2025-05-23,Spice Grill,Restaurant,Heatwave,False,None,False,3.6,203
2025-05-23,UEM Kolkata Hostel,Hostel,Clear,True,None,False,,234
2025-05-24,Bistro 1,Restaurant,Clear,False,None,True,4.1,182
2025-05-24,Hostel B,Hostel,Clear,True,Local Festival,False,,48
2025-05-24,Spice Grill,Restaurant,Clear,False,Local Festival,False,4.5,351
2025-05-24,UEM Kolkata Hostel,Hostel,Heatwave,True,None,False,,235
2025-05-25,Bistro 1,Restaurant,Clear,False,None,True,5.0,224
2025-05-25,Hostel B,Hostel,Heatwave,True,None,False,,139
2025-05-25,Spice Grill,Restaurant,Heatwave,False,None,False,4.4,267
2025-05-25,UEM Kolkata Hostel,Hostel,Cloudy,True,None,False,,212
2025-05-26,Bistro 1,Restaurant,Cloudy,False,None,True,4.2,180
2025-05-26,Hostel B,Hostel,Clear,True,Sports Match,False,,127
2025-05-26,Spice Grill,Restaurant,Clear,False,None,False,4.0,220
2025-05-26,UEM Kolkata Hostel,Hostel,Heatwave,True,Sports Match,False,,241
2025-05-27,Bistro 1,Restaurant,Clear,False,None,True,4.4,178
2025-05-27,Hostel B,Hostel,Clear,True,Local Festival,False,,43
2025-05-27,Spice Grill,Restaurant,Cloudy,False,None,True,4.2,280
2025-05-27,UEM Kolkata Hostel,Hostel,Heatwave,True,None,False,,284
2025-05-28,Bistro 1,Restaurant,Clear,False,None,True,4.5,171
2025-05-28,Hostel B,Hostel,Cloudy,True,None,False,,120
2025-05-28,Spice Grill,Restaurant,Light Rain,False,None,False,5.0,182
2025-05-28,UEM Kolkata Hostel,Hostel,Heavy Rain,True,None,False,,258
2025-05-29,Bistro 1,Restaurant,Heatwave,False,None,False,4.4,121
2025-05-29,Hostel B,Hostel,Clear,True,None,False,,112
2025-05-29,Spice Grill,Restaurant,Clear,False,None,True,4.9,279
2025-05-29,UEM Kolkata Hostel,Hostel,Clear,True,None,False,,246
2025-05-30,Bistro 1,Restaurant,Clear,False,Local Festival,False,4.5,159
2025-05-30,Hostel B,Hostel,Light Rain,True,None,False,,126
2025-05-30,Spice Grill,Restaurant,Clear,False,None,False,4.5,223
2025-05-30,UEM Kolkata Hostel,Hostel,Clear,True,None,False,,251
2025-05-31,Bistro 1,Restaurant,Heatwave,False,None,True,4.9,286
2025-05-31,Hostel B,Hostel,Cloudy,True,None,False,,128
2025-05-31,Spice Grill,Restaurant,Clear,False,None,True,3.5,277
2025-05-31,UEM Kolkata Hostel,Hostel,Clear,True,None,False,,224
2025-06-01,Bistro 1,Restaurant,Clear,False,None,True,3.9,172
2025-06-01,Hostel B,Hostel,Cloudy,False,Local Festival,False,,59
2025-06-01,Spice Grill,Restaurant,Clear,False,None,True,4.1,300
2025-06-01,UEM Kolkata Hostel,Hostel,Clear,False,None,False,,306
2025-06-02,Bistro 1,Restaurant,Cloudy,False,None,False,4.9,115
2025-06-02,Hostel B,Hostel,Heatwave,False,None,False,,163
2025-06-02,Spice Grill,Restaurant,Heatwave,False,None,True,4.3,296
2025-06-02,UEM Kolkata Hostel,Hostel,Clear,False,None,False,,313
2025-06-03,Bistro 1,Restaurant,Clear,False,None,True,4.6,216
2025-06-03,Hostel B,Hostel,Light Rain,False,None,False,,162
2025-06-03,Spice Grill,Restaurant,Clear,False,None,True,3.5,227
2025-06-03,UEM Kolkata Hostel,Hostel,Clear,False,None,False,,291
2025-06-04,Bistro 1,Restaurant,Clear,False,None,True,4.4,166
2025-06-04,Hostel B,Hostel,Cloudy,False,Sports Match,False,,140
2025-06-04,Spice Grill,Restaurant,Heatwave,False,None,False,4.9,180
2025-06-04,UEM Kolkata Hostel,Hostel,Cloudy,False,None,False,,323
2025-06-05,Bistro 1,Restaurant,Clear,False,None,True,4.5,176
2025-06-05,Hostel B,Hostel,Clear,False,None,False,,150
2025-06-05,Spice Grill,Restaurant,Cloudy,False,None,True,4.6,290
2025-06-05,UEM Kolkata Hostel,Hostel,Clear,False,None,False,,291
2025-06-06,Bistro 1,Restaurant,Cloudy,False,None,True,4.3,188
2025-06-06,Hostel B,Hostel,Heavy Rain,False,None,False,,142
2025-06-06,Spice Grill,Restaurant,Cloudy,False,None,True,3.6,201
2025-06-06,UEM Kolkata Hostel,Hostel,Heavy Rain,False,None,False,,290
2025-06-07,Bistro 1,Restaurant,Heatwave,False,None,True,4.2,264
2025-06-07,Hostel B,Hostel,Light Rain,False,Local Festival,False,,39
2025-06-07,Spice Grill,Restaurant,Cloudy,False,None,False,4.8,238
2025-06-07,UEM Kolkata Hostel,Hostel,Clear,False,None,False,,270
2025-06-08,Bistro 1,Restaurant,Clear,False,None,True,4.8,282
2025-06-08,Hostel B,Hostel,Clear,False,Local Festival,False,,36
2025-06-08,Spice Grill,Restaurant,Cloudy,False,None,False,4.7,270
2025-06-08,UEM Kolkata Hostel,Hostel,Heavy Rain,False,None,False,,345
2025-06-09,Bistro 1,Restaurant,Clear,False,Concert,False,3.8,178
2025-06-09,Hostel B,Hostel,Clear,False,None,False,,147
2025-06-09,Spice Grill,Restaurant,Clear,False,None,True,4.4,366
2025-06-09,UEM Kolkata Hostel,Hostel,Heavy Rain,False,None,False,,299
2025-06-10,Bistro 1,Restaurant,Clear,False,None,True,4.3,202
2025-06-10,Hostel B,Hostel,Cloudy,False,Concert,False,,158
2025-06-10,Spice Grill,Restaurant,Clear,False,None,True,4.1,213
2025-06-10,UEM Kolkata Hostel,Hostel,Heatwave,False,None,False,,270
2025-06-11,Bistro 1,Restaurant,Clear,False,None,True,4.6,220
2025-06-11,Hostel B,Hostel,Clear,False,None,False,,155
2025-06-11,Spice Grill,Restaurant,Clear,False,None,False,4.3,234
2025-06-11,UEM Kolkata Hostel,Hostel,Heatwave,False,None,False,,322
2025-06-12,Bistro 1,Restaurant,Light Rain,False,None,False,3.8,114
2025-06-12,Hostel B,Hostel,Cloudy,False,None,False,,158
2025-06-12,Spice Grill,Restaurant,Clear,False,Sports Match,False,3.8,284
2025-06-12,UEM Kolkata Hostel,Hostel,Light Rain,False,None,False,,326
2025-06-13,Bistro 1,Restaurant,Clear,False,None,False,5.0,128
2025-06-13,Hostel B,Hostel,Cloudy,False,None,False,,139
2025-06-13,Spice Grill,Restaurant,Clear,False,None,True,4.6,274
2025-06-13,UEM Kolkata Hostel,Hostel,Clear,False,None,False,,279
2025-06-14,Bistro 1,Restaurant,Light Rain,False,Concert,True,4.6,288
2025-06-14,Hostel B,Hostel,Clear,False,None,False,,162
2025-06-14,Spice Grill,Restaurant,Clear,False,None,True,3.7,309
2025-06-14,UEM Kolkata Hostel,Hostel,Heavy Rain,False,Sports Match,False,,338
2025-06-15,Bistro 1,Restaurant,Clear,False,None,False,3.6,155
2025-06-15,Hostel B,Hostel,Light Rain,False,None,False,,152
2025-06-15,Spice Grill,Restaurant,Cloudy,False,None,True,4.5,451
2025-06-15,UEM Kolkata Hostel,Hostel,Light Rain,False,None,False,,281
2025-06-16,Bistro 1,Restaurant,Clear,False,Local Festival,False,4.0,180
2025-06-16,Hostel B,Hostel,Clear,False,Sports Match,False,,136
2025-06-16,Spice Grill,Restaurant,Clear,False,None,True,4.5,341
2025-06-16,UEM Kolkata Hostel,Hostel,Clear,False,None,False,,327
2025-06-17,Bistro 1,Restaurant,Clear,False,None,False,4.3,136
2025-06-17,Hostel B,Hostel,Clear,False,Sports Match,False,,156
2025-06-17,Spice Grill,Restaurant,Clear,False,None,True,4.5,242
2025-06-17,UEM Kolkata Hostel,Hostel,Clear,False,None,False,,289
2025-06-18,Bistro 1,Restaurant,Light Rain,False,None,True,3.9,113
2025-06-18,Hostel B,Hostel,Cloudy,False,None,False,,135
2025-06-18,Spice Grill,Restaurant,Light Rain,False,None,False,4.5,197
2025-06-18,UEM Kolkata Hostel,Hostel,Clear,False,None,False,,274
2025-06-19,Bistro 1,Restaurant,Clear,False,None,False,3.9,117
2025-06-19,Hostel B,Hostel,Clear,False,None,False,,138
2025-06-19,Spice Grill,Restaurant,Clear,False,None,False,3.9,189
2025-06-19,UEM Kolkata Hostel,Hostel,Clear,False,None,False,,326
2025-06-20,Bistro 1,Restaurant,Clear,False,None,False,3.7,114
2025-06-20,Hostel B,Hostel,Light Rain,False,None,False,,151
2025-06-20,Spice Grill,Restaurant,Heatwave,False,Sports Match,True,4.5,462
2025-06-20,UEM Kolkata Hostel,Hostel,Clear,False,None,False,,315
2025-06-21,Bistro 1,Restaurant,Cloudy,False,None,True,3.6,156
2025-06-21,Hostel B,Hostel,Light Rain,False,None,False,,136
2025-06-21,Spice Grill,Restaurant,Light Rain,False,None,True,4.4,388
2025-06-21,UEM Kolkata Hostel,Hostel,Heatwave,False,None,False,,279
2025-06-22,Bistro 1,Restaurant,Cloudy,False,None,False,4.2,143
2025-06-22,Hostel B,Hostel,Light Rain,False,None,False,,137
2025-06-22,Spice Grill,Restaurant,Clear,False,None,False,3.9,253
2025-06-22,UEM Kolkata Hostel,Hostel,Clear,False,None,False,,311
2025-06-23,Bistro 1,Restaurant,Light Rain,False,None,False,3.7,118
2025-06-23,Hostel B,Hostel,Cloudy,False,None,False,,137
2025-06-23,Spice Grill,Restaurant,Clear,False,None,True,3.7,206
2025-06-23,UEM Kolkata Hostel,Hostel,Clear,False,Concert,False,,306
2025-06-24,Bistro 1,Restaurant,Clear,False,None,False,3.8,116
2025-06-24,Hostel B,Hostel,Light Rain,False,None,False,,135
2025-06-24,Spice Grill,Restaurant,Light Rain,False,Local Festival,True,5.0,375
2025-06-24,UEM Kolkata Hostel,Hostel,Light Rain,False,None,False,,287
2025-06-25,Bistro 1,Restaurant,Clear,False,None,False,5.0,124
2025-06-25,Hostel B,Hostel,Clear,False,None,False,,138
2025-06-25,Spice Grill,Restaurant,Light Rain,False,None,True,4.3,305
2025-06-25,UEM Kolkata Hostel,Hostel,Clear,False,Local Festival,False,,104
2025-06-26,Bistro 1,Restaurant,Cloudy,False,None,True,3.9,117
2025-06-26,Hostel B,Hostel,Clear,False,None,False,,162
2025-06-26,Spice Grill,Restaurant,Cloudy,False,None,True,4.3,303
2025-06-26,UEM Kolkata Hostel,Hostel,Heatwave,False,None,False,,271
2025-06-27,Bistro 1,Restaurant,Clear,False,None,False,3.6,127
2025-06-27,Hostel B,Hostel,Clear,False,None,False,,154
2025-06-27,Spice Grill,Restaurant,Clear,False,None,True,4.8,314
2025-06-27,UEM Kolkata Hostel,Hostel,Cloudy,False,None,False,,273
2025-06-28,Bistro 1,Restaurant,Cloudy,False,None,True,4.7,202
2025-06-28,Hostel B,Hostel,Clear,False,None,False,,158
2025-06-28,Spice Grill,Restaurant,Clear,False,None,False,4.2,245
2025-06-28,UEM Kolkata Hostel,Hostel,Heatwave,False,None,False,,291
2025-06-29,Bistro 1,Restaurant,Cloudy,False,None,True,3.5,160
2025-06-29,Hostel B,Hostel,Light Rain,False,Concert,False,,156
2025-06-29,Spice Grill,Restaurant,Clear,False,None,True,4.0,295
2025-06-29,UEM Kolkata Hostel,Hostel,Heatwave,False,None,False,,300
2025-06-30,Bistro 1,Restaurant,Heavy Rain,False,Local Festival,True,3.6,84
2025-06-30,Hostel B,Hostel,Clear,False,Sports Match,False,,163
2025-06-30,Spice Grill,Restaurant,Light Rain,False,None,False,4.0,199
2025-06-30,UEM Kolkata Hostel,Hostel,Cloudy,False,None,False,,298
2025-07-01,Bistro 1,Restaurant,Clear,False,None,True,3.7,118
2025-07-01,Hostel B,Hostel,Cloudy,False,None,False,,140
2025-07-01,Spice Grill,Restaurant,Light Rain,False,None,False,4.2,211
2025-07-01,UEM Kolkata Hostel,Hostel,Clear,False,None,False,,305
2025-07-02,Bistro 1,Restaurant,Clear,False,None,False,4.6,132
2025-07-02,Hostel B,Hostel,Clear,False,None,False,,158
2025-07-02,Spice Grill,Restaurant,Clear,False,None,False,4.2,194
2025-07-02,UEM Kolkata Hostel,Hostel,Clear,False,None,False,,298
2025-07-03,Bistro 1,Restaurant,Cloudy,False,None,False,3.8,118
2025-07-03,Hostel B,Hostel,Light Rain,False,None,False,,142
2025-07-03,Spice Grill,Restaurant,Cloudy,False,Sports Match,False,5.0,240
2025-07-03,UEM Kolkata Hostel,Hostel,Light Rain,False,None,False,,308
2025-07-04,Bistro 1,Restaurant,Cloudy,False,None,False,4.2,116
2025-07-04,Hostel B,Hostel,Clear,False,None,False,,139
2025-07-04,Spice Grill,Restaurant,Clear,False,None,False,3.9,198
2025-07-04,UEM Kolkata Hostel,Hostel,Clear,False,Sports Match,False,,278
2025-07-05,Bistro 1,Restaurant,Clear,False,None,False,4.8,184
2025-07-05,Hostel B,Hostel,Clear,False,None,False,,161
2025-07-05,Spice Grill,Restaurant,Cloudy,False,Concert,False,4.0,314
2025-07-05,UEM Kolkata Hostel,Hostel,Heavy Rain,False,Concert,False,,326
2025-07-06,Bistro 1,Restaurant,Light Rain,False,None,True,4.2,226
2025-07-06,Hostel B,Hostel,Clear,False,None,False,,145
2025-07-06,Spice Grill,Restaurant,Clear,False,None,True,4.7,409
2025-07-06,UEM Kolkata Hostel,Hostel,Heatwave,False,None,False,,322
2025-07-07,Bistro 1,Restaurant,Cloudy,False,None,False,3.9,126
2025-07-07,Hostel B,Hostel,Light Rain,False,Concert,False,,149
2025-07-07,Spice Grill,Restaurant,Cloudy,False,None,True,3.8,218
2025-07-07,UEM Kolkata Hostel,Hostel,Clear,False,None,False,,278
2025-07-08,Bistro 1,Restaurant,Clear,False,Sports Match,False,3.8,175
2025-07-08,Hostel B,Hostel,Clear,False,Concert,False,,146
2025-07-08,Spice Grill,Restaurant,Clear,False,None,True,3.5,206
2025-07-08,UEM Kolkata Hostel,Hostel,Cloudy,False,None,False,,329
2025-07-09,Bistro 1,Restaurant,Clear,False,Sports Match,False,4.9,164
2025-07-09,Hostel B,Hostel,Clear,False,None,False,,163
2025-07-09,Spice Grill,Restaurant,Cloudy,False,Local Festival,True,4.6,414
2025-07-09,UEM Kolkata Hostel,Hostel,Light Rain,False,None,False,,305
2025-07-10,Bistro 1,Restaurant,Heatwave,False,None,True,3.7,111
2025-07-10,Hostel B,Hostel,Clear,False,None,False,,154
2025-07-10,Spice Grill,Restaurant,Cloudy,False,None,True,4.1,187
2025-07-10,UEM Kolkata Hostel,Hostel,Clear,False,None,False,,293
2025-07-11,Bistro 1,Restaurant,Cloudy,False,None,False,4.8,118
2025-07-11,Hostel B,Hostel,Heatwave,False,None,False,,163
2025-07-11,Spice Grill,Restaurant,Cloudy,False,None,False,3.7,209
2025-07-11,UEM Kolkata Hostel,Hostel,Cloudy,False,None,False,,290
2025-07-12,Bistro 1,Restaurant,Heavy Rain,False,None,True,3.6,59
2025-07-12,Hostel B,Hostel,Clear,False,None,False,,139
2025-07-12,Spice Grill,Restaurant,Clear,False,None,True,3.9,338
2025-07-12,UEM Kolkata Hostel,Hostel,Clear,False,Local Festival,False,,70
2025-07-13,Bistro 1,Restaurant,Clear,False,None,True,4.9,212
2025-07-13,Hostel B,Hostel,Clear,False,Local Festival,False,,51
2025-07-13,Spice Grill,Restaurant,Clear,False,None,True,4.1,315
2025-07-13,UEM Kolkata Hostel,Hostel,Clear,False,None,False,,272
2025-07-14,Bistro 1,Restaurant,Clear,False,None,True,4.4,151
2025-07-14,Hostel B,Hostel,Cloudy,False,None,False,,164
2025-07-14,Spice Grill,Restaurant,Cloudy,False,None,False,3.7,219
2025-07-14,UEM Kolkata Hostel,Hostel,Heavy Rain,False,Sports Match,False,,327
2025-07-15,Bistro 1,Restaurant,Clear,False,None,False,3.7,113
2025-07-15,Hostel B,Hostel,Cloudy,False,None,False,,140
2025-07-15,Spice Grill,Restaurant,Clear,False,None,True,3.9,201
2025-07-15,UEM Kolkata Hostel,Hostel,Heavy Rain,False,None,False,,323
2025-07-16,Bistro 1,Restaurant,Heavy Rain,False,None,False,4.7,54
2025-07-16,Hostel B,Hostel,Clear,False,None,False,,161
2025-07-16,Spice Grill,Restaurant,Clear,False,Concert,False,3.9,253
2025-07-16,UEM Kolkata Hostel,Hostel,Cloudy,False,None,False,,279
2025-07-17,Bistro 1,Restaurant,Heatwave,False,None,False,4.9,125
2025-07-17,Hostel B,Hostel,Clear,False,None,False,,149
2025-07-17,Spice Grill,Restaurant,Heavy Rain,False,None,True,4.4,111
2025-07-17,UEM Kolkata Hostel,Hostel,Clear,False,None,False,,279
2025-07-18,Bistro 1,Restaurant,Light Rain,False,None,True,3.9,114
2025-07-18,Hostel B,Hostel,Light Rain,False,None,False,,158
2025-07-18,Spice Grill,Restaurant,Clear,False,None,False,4.4,183
2025-07-18,UEM Kolkata Hostel,Hostel,Clear,False,None,False,,297
2025-07-19,Bistro 1,Restaurant,Light Rain,False,None,True,4.3,270
2025-07-19,Hostel B,Hostel,Cloudy,False,None,False,,140
2025-07-19,Spice Grill,Restaurant,Light Rain,False,None,False,4.4,258
2025-07-19,UEM Kolkata Hostel,Hostel,Light Rain,False,None,False,,304
2025-07-20,Bistro 1,Restaurant,Light Rain,False,None,False,4.3,172
2025-07-20,Hostel B,Hostel,Clear,False,None,False,,150
2025-07-20,Spice Grill,Restaurant,Clear,False,None,True,4.1,310
2025-07-20,UEM Kolkata Hostel,Hostel,Clear,False,None,False,,321
2025-07-21,Bistro 1,Restaurant,Heavy Rain,False,Sports Match,True,4.9,111
2025-07-21,Hostel B,Hostel,Clear,False,None,False,,137
2025-07-21,Spice Grill,Restaurant,Light Rain,False,None,False,4.9,189
2025-07-21,UEM Kolkata Hostel,Hostel,Cloudy,False,None,False,,274
2025-07-22,Bistro 1,Restaurant,Clear,False,None,True,3.9,120
2025-07-22,Hostel B,Hostel,Clear,False,None,False,,160
2025-07-22,Spice Grill,Restaurant,Cloudy,False,None,False,3.7,188
2025-07-22,UEM Kolkata Hostel,Hostel,Heavy Rain,False,None,False,,327
2025-07-23,Bistro 1,Restaurant,Light Rain,False,None,False,3.7,129
2025-07-23,Hostel B,Hostel,Cloudy,False,None,False,,152
2025-07-23,Spice Grill,Restaurant,Cloudy,False,None,False,4.4,189
2025-07-23,UEM Kolkata Hostel,Hostel,Clear,False,None,False,,306
2025-07-24,Bistro 1,Restaurant,Heavy Rain,False,None,False,4.4,51
2025-07-24,Hostel B,Hostel,Light Rain,False,None,False,,149
2025-07-24,Spice Grill,Restaurant,Cloudy,False,None,True,4.9,304
2025-07-24,UEM Kolkata Hostel,Hostel,Light Rain,False,None,False,,291
2025-07-25,Bistro 1,Restaurant,Clear,False,Sports Match,False,4.0,153
2025-07-25,Hostel B,Hostel,Clear,False,None,False,,147
2025-07-25,Spice Grill,Restaurant,Clear,False,None,True,4.3,268
2025-07-25,UEM Kolkata Hostel,Hostel,Cloudy,False,None,False,,277
2025-07-26,Bistro 1,Restaurant,Cloudy,False,None,False,3.9,172
2025-07-26,Hostel B,Hostel,Clear,False,None,False,,153
2025-07-26,Spice Grill,Restaurant,Cloudy,False,None,True,4.0,278
2025-07-26,UEM Kolkata Hostel,Hostel,Clear,False,Local Festival,False,,70
2025-07-27,Bistro 1,Restaurant,Clear,False,None,True,4.3,258
2025-07-27,Hostel B,Hostel,Light Rain,False,None,False,,157
2025-07-27,Spice Grill,Restaurant,Cloudy,False,None,True,4.9,409
2025-07-27,UEM Kolkata Hostel,Hostel,Light Rain,False,None,False,,303
2025-07-28,Bistro 1,Restaurant,Cloudy,False,None,False,3.6,111
2025-07-28,Hostel B,Hostel,Light Rain,False,None,False,,160
2025-07-28,Spice Grill,Restaurant,Clear,False,None,True,4.0,197
2025-07-28,UEM Kolkata Hostel,Hostel,Heavy Rain,False,Local Festival,False,,77
2025-07-29,Bistro 1,Restaurant,Cloudy,False,None,True,3.6,110
2025-07-29,Hostel B,Hostel,Clear,False,None,False,,153
2025-07-29,Spice Grill,Restaurant,Clear,False,Local Festival,True,3.9,258
2025-07-29,UEM Kolkata Hostel,Hostel,Light Rain,False,None,False,,310
2025-07-30,Bistro 1,Restaurant,Clear,False,None,True,3.9,131
2025-07-30,Hostel B,Hostel,Clear,False,None,False,,139
2025-07-30,Spice Grill,Restaurant,Cloudy,False,None,False,4.4,180
2025-07-30,UEM Kolkata Hostel,Hostel,Cloudy,False,None,False,,294
2025-07-31,Bistro 1,Restaurant,Light Rain,False,None,False,4.4,121
2025-07-31,Hostel B,Hostel,Clear,False,None,False,,160
2025-07-31,Spice Grill,Restaurant,Clear,False,None,False,3.8,218
2025-07-31,UEM Kolkata Hostel,Hostel,Cloudy,False,None,False,,283
2025-08-01,Bistro 1,Restaurant,Cloudy,False,None,True,3.7,116
2025-08-01,Hostel B,Hostel,Light Rain,False,None,False,,157
2025-08-01,Spice Grill,Restaurant,Heavy Rain,False,None,True,4.6,133
2025-08-01,UEM Kolkata Hostel,Hostel,Clear,False,Local Festival,False,,105
2025-08-02,Bistro 1,Restaurant,Cloudy,False,None,True,4.2,282
2025-08-02,Hostel B,Hostel,Light Rain,False,Local Festival,False,,55
2025-08-02,Spice Grill,Restaurant,Cloudy,False,None,False,4.7,283
2025-08-02,UEM Kolkata Hostel,Hostel,Heavy Rain,False,None,False,,338
2025-08-03,Bistro 1,Restaurant,Clear,False,None,False,4.0,160
2025-08-03,Hostel B,Hostel,Clear,False,Concert,False,,135
2025-08-03,Spice Grill,Restaurant,Clear,False,None,True,4.2,379
2025-08-03,UEM Kolkata Hostel,Hostel,Light Rain,False,None,False,,282
2025-08-04,Bistro 1,Restaurant,Clear,False,None,True,4.3,177
2025-08-04,Hostel B,Hostel,Clear,False,Sports Match,False,,157
2025-08-04,Spice Grill,Restaurant,Clear,False,None,False,4.8,200
2025-08-04,UEM Kolkata Hostel,Hostel,Clear,False,None,False,,310
2025-08-05,Bistro 1,Restaurant,Light Rain,False,None,False,3.9,130
2025-08-05,Hostel B,Hostel,Clear,False,None,False,,160
2025-08-05,Spice Grill,Restaurant,Clear,False,None,True,3.8,222
2025-08-05,UEM Kolkata Hostel,Hostel,Clear,False,None,False,,320
2025-08-06,Bistro 1,Restaurant,Light Rain,False,None,False,3.6,123
2025-08-06,Hostel B,Hostel,Clear,False,None,False,,139
2025-08-06,Spice Grill,Restaurant,Heatwave,False,None,True,4.6,276
2025-08-06,UEM Kolkata Hostel,Hostel,Light Rain,False,None,False,,284
2025-08-07,Bistro 1,Restaurant,Clear,False,Concert,True,4.5,281
2025-08-07,Hostel B,Hostel,Cloudy,False,None,False,,150
2025-08-07,Spice Grill,Restaurant,Light Rain,False,None,False,3.6,217
2025-08-07,UEM Kolkata Hostel,Hostel,Clear,False,None,False,,313
2025-08-08,Bistro 1,Restaurant,Clear,False,None,False,4.3,126
2025-08-08,Hostel B,Hostel,Clear,False,None,False,,161
2025-08-08,Spice Grill,Restaurant,Clear,False,None,True,4.6,275
2025-08-08,UEM Kolkata Hostel,Hostel,Cloudy,False,Sports Match,False,,326
2025-08-09,Bistro 1,Restaurant,Clear,False,None,True,3.7,185
2025-08-09,Hostel B,Hostel,Light Rain,False,None,False,,149
2025-08-09,Spice Grill,Restaurant,Clear,False,None,False,4.0,294
2025-08-09,UEM Kolkata Hostel,Hostel,Cloudy,False,None,False,,296
2025-08-10,Bistro 1,Restaurant,Clear,False,None,False,4.5,181
2025-08-10,Hostel B,Hostel,Heatwave,False,None,False,,162
2025-08-10,Spice Grill,Restaurant,Clear,False,Sports Match,False,4.4,428
2025-08-10,UEM Kolkata Hostel,Hostel,Cloudy,False,None,False,,292
2025-08-11,Bistro 1,Restaurant,Cloudy,False,None,True,4.6,184
2025-08-11,Hostel B,Hostel,Heatwave,False,None,False,,147
2025-08-11,Spice Grill,Restaurant,Clear,False,None,False,4.9,198
2025-08-11,UEM Kolkata Hostel,Hostel,Light Rain,False,None,False,,270
2025-08-12,Bistro 1,Restaurant,Cloudy,False,None,False,4.7,128
2025-08-12,Hostel B,Hostel,Clear,False,None,False,,149
2025-08-12,Spice Grill,Restaurant,Heatwave,False,None,True,4.6,338
2025-08-12,UEM Kolkata Hostel,Hostel,Light Rain,False,None,False,,317
2025-08-13,Bistro 1,Restaurant,Clear,False,None,True,4.0,135
2025-08-13,Hostel B,Hostel,Light Rain,False,None,False,,135
2025-08-13,Spice Grill,Restaurant,Cloudy,False,None,False,4.1,214
2025-08-13,UEM Kolkata Hostel,Hostel,Heatwave,False,None,False,,318
2025-08-14,Bistro 1,Restaurant,Heatwave,False,None,False,3.7,111
2025-08-14,Hostel B,Hostel,Clear,False,None,False,,149
2025-08-14,Spice Grill,Restaurant,Light Rain,False,Sports Match,False,4.5,273
2025-08-14,UEM Kolkata Hostel,Hostel,Cloudy,False,Concert,False,,277
2025-08-15,Bistro 1,Restaurant,Heavy Rain,False,None,False,3.8,72
2025-08-15,Hostel B,Hostel,Heatwave,False,None,False,,136
2025-08-15,Spice Grill,Restaurant,Heatwave,False,None,False,4.0,211
2025-08-15,UEM Kolkata Hostel,Hostel,Clear,False,Concert,False,,276
2025-08-16,Bistro 1,Restaurant,Cloudy,False,None,True,5.0,241
2025-08-16,Hostel B,Hostel,Clear,False,None,False,,162
2025-08-16,Spice Grill,Restaurant,Light Rain,False,None,True,3.8,236
2025-08-16,UEM Kolkata Hostel,Hostel,Cloudy,False,None,False,,287
2025-08-17,Bistro 1,Restaurant,Clear,False,None,True,4.3,250
2025-08-17,Hostel B,Hostel,Clear,False,None,False,,153
2025-08-17,Spice Grill,Restaurant,Cloudy,False,None,True,5.0,370
2025-08-17,UEM Kolkata Hostel,Hostel,Clear,False,None,False,,315
2025-08-18,Bistro 1,Restaurant,Cloudy,False,None,True,4.8,185
2025-08-18,Hostel B,Hostel,Clear,False,None,False,,164
2025-08-18,Spice Grill,Restaurant,Cloudy,False,Sports Match,False,4.6,267
2025-08-18,UEM Kolkata Hostel,Hostel,Clear,False,None,False,,282
2025-08-19,Bistro 1,Restaurant,Heatwave,False,None,False,4.9,111
2025-08-19,Hostel B,Hostel,Light Rain,False,None,False,,141
2025-08-19,Spice Grill,Restaurant,Heatwave,False,None,True,3.7,191
2025-08-19,UEM Kolkata Hostel,Hostel,Clear,False,None,False,,328
2025-08-20,Bistro 1,Restaurant,Clear,False,None,False,3.8,118
2025-08-20,Hostel B,Hostel,Light Rain,False,Local Festival,False,,43
2025-08-20,Spice Grill,Restaurant,Clear,False,None,True,3.7,189
2025-08-20,UEM Kolkata Hostel,Hostel,Clear,False,Local Festival,False,,121
2025-08-21,Bistro 1,Restaurant,Clear,False,None,True,3.8,122
2025-08-21,Hostel B,Hostel,Clear,False,None,False,,147
2025-08-21,Spice Grill,Restaurant,Light Rain,False,None,True,4.5,251
2025-08-21,UEM Kolkata Hostel,Hostel,Heatwave,False,Sports Match,False,,270
2025-08-22,Bistro 1,Restaurant,Cloudy,False,Concert,False,4.1,175
2025-08-22,Hostel B,Hostel,Clear,False,Local Festival,False,,34
2025-08-22,Spice Grill,Restaurant,Clear,False,None,True,3.9,223
2025-08-22,UEM Kolkata Hostel,Hostel,Light Rain,False,None,False,,278
2025-08-23,Bistro 1,Restaurant,Light Rain,False,None,False,4.7,151
2025-08-23,Hostel B,Hostel,Clear,False,None,False,,151
2025-08-23,Spice Grill,Restaurant,Clear,False,None,True,3.8,287
2025-08-23,UEM Kolkata Hostel,Hostel,Light Rain,False,None,False,,290
2025-08-24,Bistro 1,Restaurant,Cloudy,False,Concert,True,3.9,266
2025-08-24,Hostel B,Hostel,Cloudy,False,None,False,,150
2025-08-24,Spice Grill,Restaurant,Heatwave,False,None,False,3.8,284
2025-08-24,UEM Kolkata Hostel,Hostel,Clear,False,None,False,,290
2025-08-25,Bistro 1,Restaurant,Clear,False,None,True,3.8,140
2025-08-25,Hostel B,Hostel,Clear,False,None,False,,150
2025-08-25,Spice Grill,Restaurant,Clear,False,None,False,4.7,187
2025-08-25,UEM Kolkata Hostel,Hostel,Clear,False,None,False,,329
2025-08-26,Bistro 1,Restaurant,Clear,False,None,False,3.6,124
2025-08-26,Hostel B,Hostel,Light Rain,False,None,False,,152
2025-08-26,Spice Grill,Restaurant,Clear,False,Sports Match,False,4.6,283
2025-08-26,UEM Kolkata Hostel,Hostel,Cloudy,False,None,False,,300
2025-08-27,Bistro 1,Restaurant,Cloudy,False,None,True,4.5,153
2025-08-27,Hostel B,Hostel,Cloudy,False,None,False,,145
2025-08-27,Spice Grill,Restaurant,Clear,False,None,True,4.4,283
2025-08-27,UEM Kolkata Hostel,Hostel,Clear,False,Sports Match,False,,283
2025-08-28,Bistro 1,Restaurant,Cloudy,False,None,False,4.1,116
2025-08-28,Hostel B,Hostel,Light Rain,False,None,False,,136
2025-08-28,Spice Grill,Restaurant,Clear,False,None,True,4.1,208
2025-08-28,UEM Kolkata Hostel,Hostel,Clear,False,None,False,,307
2025-08-29,Bistro 1,Restaurant,Light Rain,False,None,False,4.7,128
2025-08-29,Hostel B,Hostel,Heavy Rain,False,None,False,,145
2025-08-29,Spice Grill,Restaurant,Cloudy,False,None,True,4.4,300
2025-08-29,UEM Kolkata Hostel,Hostel,Clear,False,None,False,,278
2025-08-30,Bistro 1,Restaurant,Cloudy,False,None,False,4.2,177
2025-08-30,Hostel B,Hostel,Clear,False,None,False,,136
2025-08-30,Spice Grill,Restaurant,Clear,False,None,False,3.6,298
2025-08-30,UEM Kolkata Hostel,Hostel,Cloudy,False,None,False,,293
2025-08-31,Bistro 1,Restaurant,Clear,False,None,False,4.6,168
2025-08-31,Hostel B,Hostel,Clear,False,None,False,,155
2025-08-31,Spice Grill,Restaurant,Clear,False,None,True,3.6,279
2025-08-31,UEM Kolkata Hostel,Hostel,Clear,False,None,False,,290
2025-09-01,Bistro 1,Restaurant,Clear,False,None,True,3.7,127
2025-09-01,Hostel B,Hostel,Clear,False,None,False,,155
2025-09-01,Spice Grill,Restaurant,Clear,False,None,True,4.0,213
2025-09-01,UEM Kolkata Hostel,Hostel,Cloudy,False,None,False,,327
2025-09-02,Bistro 1,Restaurant,Heatwave,False,None,True,4.3,198
2025-09-02,Hostel B,Hostel,Clear,False,None,False,,140
2025-09-02,Spice Grill,Restaurant,Heavy Rain,False,Local Festival,False,4.1,146
2025-09-02,UEM Kolkata Hostel,Hostel,Heatwave,False,None,False,,296
2025-09-03,Bistro 1,Restaurant,Clear,False,None,True,4.7,199
2025-09-03,Hostel B,Hostel,Clear,False,None,False,,152
2025-09-03,Spice Grill,Restaurant,Clear,False,None,True,4.6,262
2025-09-03,UEM Kolkata Hostel,Hostel,Clear,False,Concert,False,,270
2025-09-04,Bistro 1,Restaurant,Light Rain,False,None,True,4.5,199
2025-09-04,Hostel B,Hostel,Clear,False,None,False,,135
2025-09-04,Spice Grill,Restaurant,Clear,False,None,True,4.6,290
2025-09-04,UEM Kolkata Hostel,Hostel,Clear,False,None,False,,319
2025-09-05,Bistro 1,Restaurant,Clear,False,None,False,4.2,120
2025-09-05,Hostel B,Hostel,Clear,False,None,False,,164
2025-09-05,Spice Grill,Restaurant,Light Rain,False,None,True,4.5,295
2025-09-05,UEM Kolkata Hostel,Hostel,Clear,False,None,False,,325
2025-09-06,Bistro 1,Restaurant,Light Rain,False,None,False,3.9,139
2025-09-06,Hostel B,Hostel,Cloudy,False,None,False,,152
2025-09-06,Spice Grill,Restaurant,Clear,False,None,False,4.7,309
2025-09-06,UEM Kolkata Hostel,Hostel,Heatwave,False,None,False,,307
2025-09-07,Bistro 1,Restaurant,Clear,False,None,True,3.9,156
2025-09-07,Hostel B,Hostel,Clear,False,None,False,,145
2025-09-07,Spice Grill,Restaurant,Heavy Rain,False,None,False,3.7,142
2025-09-07,UEM Kolkata Hostel,Hostel,Heavy Rain,False,None,False,,314
2025-09-08,Bistro 1,Restaurant,Cloudy,False,Local Festival,True,3.6,180
2025-09-08,Hostel B,Hostel,Heatwave,False,None,False,,160
2025-09-08,Spice Grill,Restaurant,Cloudy,False,None,True,4.3,309
2025-09-08,UEM Kolkata Hostel,Hostel,Clear,False,None,False,,280
2025-09-09,Bistro 1,Restaurant,Heatwave,False,None,False,4.5,109
2025-09-09,Hostel B,Hostel,Cloudy,False,None,False,,162
2025-09-09,Spice Grill,Restaurant,Clear,False,Concert,True,3.5,249
2025-09-09,UEM Kolkata Hostel,Hostel,Cloudy,False,None,False,,324
2025-09-10,Bistro 1,Restaurant,Cloudy,False,None,False,3.7,123
2025-09-10,Hostel B,Hostel,Light Rain,False,None,False,,141
2025-09-10,Spice Grill,Restaurant,Light Rain,False,None,False,4.4,183
2025-09-10,UEM Kolkata Hostel,Hostel,Heavy Rain,False,None,False,,336
2025-09-11,Bistro 1,Restaurant,Cloudy,False,None,True,3.6,127
2025-09-11,Hostel B,Hostel,Cloudy,False,Sports Match,False,,162
2025-09-11,Spice Grill,Restaurant,Clear,False,None,True,4.9,313
2025-09-11,UEM Kolkata Hostel,Hostel,Heatwave,False,None,False,,302
2025-09-12,Bistro 1,Restaurant,Cloudy,False,None,True,3.6,113
2025-09-12,Hostel B,Hostel,Clear,False,None,False,,139
2025-09-12,Spice Grill,Restaurant,Clear,False,None,False,4.2,194
2025-09-12,UEM Kolkata Hostel,Hostel,Heavy Rain,False,None,False,,296
2025-09-13,Bistro 1,Restaurant,Clear,False,None,True,4.5,261
2025-09-13,Hostel B,Hostel,Light Rain,False,None,False,,145
2025-09-13,Spice Grill,Restaurant,Cloudy,False,None,False,4.6,274
2025-09-13,UEM Kolkata Hostel,Hostel,Light Rain,False,None,False,,305
2025-09-14,Bistro 1,Restaurant,Clear,False,None,True,4.4,208
2025-09-14,Hostel B,Hostel,Clear,False,None,False,,138
2025-09-14,Spice Grill,Restaurant,Light Rain,False,None,True,4.9,454
2025-09-14,UEM Kolkata Hostel,Hostel,Light Rain,False,None,False,,270
2025-09-15,Bistro 1,Restaurant,Clear,False,Sports Match,False,4.6,156
2025-09-15,Hostel B,Hostel,Clear,False,None,False,,140
2025-09-15,Spice Grill,Restaurant,Clear,False,None,True,4.7,302
2025-09-15,UEM Kolkata Hostel,Hostel,Clear,False,None,False,,272
2025-09-16,Bistro 1,Restaurant,Clear,False,None,True,4.3,165
2025-09-16,Hostel B,Hostel,Light Rain,False,None,False,,145
2025-09-16,Spice Grill,Restaurant,Clear,False,None,True,3.9,213
2025-09-16,UEM Kolkata Hostel,Hostel,Heatwave,False,None,False,,308
2025-09-17,Bistro 1,Restaurant,Heavy Rain,False,Sports Match,False,3.7,68
2025-09-17,Hostel B,Hostel,Clear,False,None,False,,152
2025-09-17,Spice Grill,Restaurant,Cloudy,False,None,False,3.8,187
2025-09-17,UEM Kolkata Hostel,Hostel,Light Rain,False,None,False,,319
2025-09-18,Bistro 1,Restaurant,Cloudy,False,None,False,4.1,113
2025-09-18,Hostel B,Hostel,Clear,False,None,False,,159
2025-09-18,Spice Grill,Restaurant,Clear,False,None,True,4.5,318
2025-09-18,UEM Kolkata Hostel,Hostel,Clear,False,None,False,,311
2025-09-19,Bistro 1,Restaurant,Clear,False,None,True,4.1,116
2025-09-19,Hostel B,Hostel,Cloudy,False,Sports Match,False,,145
2025-09-19,Spice Grill,Restaurant,Cloudy,False,None,False,3.7,186
2025-09-19,UEM Kolkata Hostel,Hostel,Cloudy,False,None,False,,279
2025-09-20,Bistro 1,Restaurant,Clear,False,None,True,3.6,173
2025-09-20,Hostel B,Hostel,Light Rain,False,None,False,,136
2025-09-20,Spice Grill,Restaurant,Clear,False,None,True,4.5,418
2025-09-20,UEM Kolkata Hostel,Hostel,Clear,False,None,False,,290
2025-09-21,Bistro 1,Restaurant,Cloudy,False,None,True,4.9,258
2025-09-21,Hostel B,Hostel,Heavy Rain,False,None,False,,160
2025-09-21,Spice Grill,Restaurant,Cloudy,False,None,True,4.4,391
2025-09-21,UEM Kolkata Hostel,Hostel,Clear,False,None,False,,289
2025-09-22,Bistro 1,Restaurant,Clear,False,None,True,4.6,187
2025-09-22,Hostel B,Hostel,Light Rain,False,None,False,,137
2025-09-22,Spice Grill,Restaurant,Clear,False,None,True,4.8,312
2025-09-22,UEM Kolkata Hostel,Hostel,Clear,False,None,False,,281
2025-09-23,Bistro 1,Restaurant,Clear,False,None,False,4.3,134
2025-09-23,Hostel B,Hostel,Clear,False,None,False,,149
2025-09-23,Spice Grill,Restaurant,Cloudy,False,None,True,3.6,185
2025-09-23,UEM Kolkata Hostel,Hostel,Clear,False,None,False,,322
2025-09-24,Bistro 1,Restaurant,Cloudy,False,None,True,4.2,185
2025-09-24,Hostel B,Hostel,Clear,False,None,False,,136
2025-09-24,Spice Grill,Restaurant,Light Rain,False,None,True,3.7,190
2025-09-24,UEM Kolkata Hostel,Hostel,Clear,False,None,False,,299
2025-09-25,Bistro 1,Restaurant,Light Rain,False,Local Festival,True,3.5,179
2025-09-25,Hostel B,Hostel,Clear,False,None,False,,146
2025-09-25,Spice Grill,Restaurant,Clear,False,None,False,3.7,183
2025-09-25,UEM Kolkata Hostel,Hostel,Clear,False,None,False,,314
2025-09-26,Bistro 1,Restaurant,Clear,False,None,False,4.7,118
2025-09-26,Hostel B,Hostel,Light Rain,False,None,False,,162
2025-09-26,Spice Grill,Restaurant,Clear,False,None,True,4.6,353
2025-09-26,UEM Kolkata Hostel,Hostel,Cloudy,False,None,False,,293
2025-09-27,Bistro 1,Restaurant,Cloudy,False,None,True,3.9,169
2025-09-27,Hostel B,Hostel,Clear,False,Sports Match,False,,152
2025-09-27,Spice Grill,Restaurant,Cloudy,False,Local Festival,True,4.6,563
2025-09-27,UEM Kolkata Hostel,Hostel,Cloudy,False,Local Festival,False,,80
2025-09-28,Bistro 1,Restaurant,Clear,False,None,True,3.5,177
2025-09-28,Hostel B,Hostel,Heatwave,False,None,False,,146
2025-09-28,Spice Grill,Restaurant,Heatwave,False,None,False,4.6,232
2025-09-28,UEM Kolkata Hostel,Hostel,Light Rain,False,None,False,,320
2025-09-29,Bistro 1,Restaurant,Clear,False,None,False,4.5,132
2025-09-29,Hostel B,Hostel,Heatwave,False,None,False,,155
2025-09-29,Spice Grill,Restaurant,Clear,False,None,True,4.9,265
2025-09-29,UEM Kolkata Hostel,Hostel,Clear,False,None,False,,292
2025-09-30,Bistro 1,Restaurant,Light Rain,False,None,True,4.4,158
2025-09-30,Hostel B,Hostel,Heatwave,False,None,False,,137
2025-09-30,Spice Grill,Restaurant,Light Rain,False,None,True,4.3,250
2025-09-30,UEM Kolkata Hostel,Hostel,Clear,False,Sports Match,False,,290
2025-10-01,Bistro 1,Restaurant,Clear,False,Sports Match,True,3.9,193
2025-10-01,Hostel B,Hostel,Clear,False,None,False,,135
2025-10-01,Spice Grill,Restaurant,Cloudy,False,None,True,3.6,207
2025-10-01,UEM Kolkata Hostel,Hostel,Clear,False,None,False,,285
2025-10-02,Bistro 1,Restaurant,Clear,False,None,False,4.0,115
2025-10-02,Hostel B,Hostel,Clear,False,None,False,,161
2025-10-02,Spice Grill,Restaurant,Light Rain,False,None,False,4.3,218
2025-10-02,UEM Kolkata Hostel,Hostel,Cloudy,False,None,False,,282
2025-10-03,Bistro 1,Restaurant,Cloudy,False,None,False,3.6,117
2025-10-03,Hostel B,Hostel,Cloudy,False,None,False,,162
2025-10-03,Spice Grill,Restaurant,Clear,False,None,False,4.9,203
2025-10-03,UEM Kolkata Hostel,Hostel,Cloudy,False,None,False,,327
2025-10-04,Bistro 1,Restaurant,Clear,False,None,True,4.0,183
2025-10-04,Hostel B,Hostel,Cloudy,False,None,False,,142
2025-10-04,Spice Grill,Restaurant,Heavy Rain,False,None,False,4.4,150
2025-10-04,UEM Kolkata Hostel,Hostel,Clear,False,None,False,,294
2025-10-05,Bistro 1,Restaurant,Clear,False,None,False,3.9,149
2025-10-05,Hostel B,Hostel,Light Rain,False,None,False,,151
2025-10-05,Spice Grill,Restaurant,Cloudy,False,None,True,4.2,374
2025-10-05,UEM Kolkata Hostel,Hostel,Clear,False,None,False,,329
2025-10-06,Bistro 1,Restaurant,Cloudy,False,None,True,4.2,169
2025-10-06,Hostel B,Hostel,Clear,False,None,False,,157
2025-10-06,Spice Grill,Restaurant,Heatwave,False,None,True,3.7,194
2025-10-06,UEM Kolkata Hostel,Hostel,Clear,False,None,False,,307
2025-10-07,Bistro 1,Restaurant,Cloudy,False,None,True,3.5,113
2025-10-07,Hostel B,Hostel,Clear,False,None,False,,144
2025-10-07,Spice Grill,Restaurant,Cloudy,False,None,True,4.9,327
2025-10-07,UEM Kolkata Hostel,Hostel,Clear,False,None,False,,285
2025-10-08,Bistro 1,Restaurant,Clear,False,None,True,4.6,202
2025-10-08,Hostel B,Hostel,Heatwave,False,None,False,,136
2025-10-08,Spice Grill,Restaurant,Light Rain,False,None,True,3.7,211
2025-10-08,UEM Kolkata Hostel,Hostel,Cloudy,False,None,False,,325
2025-10-09,Bistro 1,Restaurant,Cloudy,False,None,False,4.2,116
2025-10-09,Hostel B,Hostel,Clear,False,Local Festival,False,,36
2025-10-09,Spice Grill,Restaurant,Clear,False,None,True,3.9,202
2025-10-09,UEM Kolkata Hostel,Hostel,Light Rain,False,None,False,,299
2025-10-10,Bistro 1,Restaurant,Clear,False,None,True,4.7,179
2025-10-10,Hostel B,Hostel,Light Rain,False,None,False,,141
2025-10-10,Spice Grill,Restaurant,Heatwave,False,None,False,4.4,212
2025-10-10,UEM Kolkata Hostel,Hostel,Clear,False,None,False,,305
2025-10-11,Bistro 1,Restaurant,Heavy Rain,False,None,False,3.6,99
2025-10-11,Hostel B,Hostel,Clear,False,None,False,,148
2025-10-11,Spice Grill,Restaurant,Clear,False,None,False,4.9,265
2025-10-11,UEM Kolkata Hostel,Hostel,Cloudy,False,None,False,,287
2025-10-12,Bistro 1,Restaurant,Cloudy,False,None,False,4.8,183
2025-10-12,Hostel B,Hostel,Cloudy,False,None,False,,162
2025-10-12,Spice Grill,Restaurant,Cloudy,False,Concert,True,4.3,694
2025-10-12,UEM Kolkata Hostel,Hostel,Clear,False,Concert,False,,298
2025-10-13,Bistro 1,Restaurant,Clear,False,None,False,5.0,122
2025-10-13,Hostel B,Hostel,Clear,False,Sports Match,False,,164
2025-10-13,Spice Grill,Restaurant,Clear,False,None,True,3.5,221
2025-10-13,UEM Kolkata Hostel,Hostel,Clear,False,None,False,,270
2025-10-14,Bistro 1,Restaurant,Clear,False,None,True,3.9,121
2025-10-14,Hostel B,Hostel,Cloudy,False,None,False,,142
2025-10-14,Spice Grill,Restaurant,Clear,False,None,False,3.7,201
2025-10-14,UEM Kolkata Hostel,Hostel,Light Rain,False,Local Festival,False,,99
2025-10-15,Bistro 1,Restaurant,Light Rain,False,None,False,3.7,115
2025-10-15,Hostel B,Hostel,Cloudy,False,None,False,,161
2025-10-15,Spice Grill,Restaurant,Cloudy,False,None,False,4.6,217
2025-10-15,UEM Kolkata Hostel,Hostel,Light Rain,False,None,False,,318
2025-10-16,Bistro 1,Restaurant,Clear,False,Concert,False,4.7,182
2025-10-16,Hostel B,Hostel,Clear,False,None,False,,164
2025-10-16,Spice Grill,Restaurant,Light Rain,False,None,True,4.8,300
2025-10-16,UEM Kolkata Hostel,Hostel,Clear,False,None,False,,295
2025-10-17,Bistro 1,Restaurant,Clear,False,None,True,3.8,120
2025-10-17,Hostel B,Hostel,Light Rain,False,None,False,,147
2025-10-17,Spice Grill,Restaurant,Clear,False,None,False,4.9,221
2025-10-17,UEM Kolkata Hostel,Hostel,Clear,False,Local Festival,False,,120
2025-10-18,Bistro 1,Restaurant,Clear,False,None,True,4.7,228
2025-10-18,Hostel B,Hostel,Cloudy,False,None,False,,143
2025-10-18,Spice Grill,Restaurant,Heatwave,False,None,False,3.9,266
2025-10-18,UEM Kolkata Hostel,Hostel,Cloudy,False,None,False,,278
2025-10-19,Bistro 1,Restaurant,Light Rain,False,None,False,4.0,179
2025-10-19,Hostel B,Hostel,Clear,False,None,False,,135
2025-10-19,Spice Grill,Restaurant,Clear,False,None,False,3.8,307
2025-10-19,UEM Kolkata Hostel,Hostel,Clear,False,None,False,,322
2025-10-20,Bistro 1,Restaurant,Cloudy,False,None,False,4.8,126
2025-10-20,Hostel B,Hostel,Clear,False,None,False,,164
2025-10-20,Spice Grill,Restaurant,Cloudy,False,None,False,3.8,196
2025-10-20,UEM Kolkata Hostel,Hostel,Cloudy,False,None,False,,327
2025-10-21,Bistro 1,Restaurant,Light Rain,False,None,True,4.2,186
2025-10-21,Hostel B,Hostel,Clear,False,None,False,,141
2025-10-21,Spice Grill,Restaurant,Heatwave,False,None,True,4.3,283
2025-10-21,UEM Kolkata Hostel,Hostel,Clear,False,None,False,,290
2025-10-22,Bistro 1,Restaurant,Clear,False,Concert,False,4.1,189
2025-10-22,Hostel B,Hostel,Heatwave,False,None,False,,143
2025-10-22,Spice Grill,Restaurant,Heavy Rain,False,None,True,4.8,155
2025-10-22,UEM Kolkata Hostel,Hostel,Clear,False,None,False,,324
2025-10-23,Bistro 1,Restaurant,Clear,False,None,False,4.8,132
2025-10-23,Hostel B,Hostel,Heavy Rain,False,None,False,,162
2025-10-23,Spice Grill,Restaurant,Cloudy,False,Concert,True,4.8,341
2025-10-23,UEM Kolkata Hostel,Hostel,Heavy Rain,False,None,False,,288
2025-10-24,Bistro 1,Restaurant,Cloudy,False,Sports Match,False,4.2,153
2025-10-24,Hostel B,Hostel,Heatwave,False,None,False,,148
2025-10-24,Spice Grill,Restaurant,Clear,False,Sports Match,True,3.9,300
2025-10-24,UEM Kolkata Hostel,Hostel,Heatwave,False,None,False,,281
2025-10-25,Bistro 1,Restaurant,Clear,False,None,False,4.5,168
2025-10-25,Hostel B,Hostel,Heatwave,False,Sports Match,False,,160
2025-10-25,Spice Grill,Restaurant,Clear,False,Concert,False,4.8,369
2025-10-25,UEM Kolkata Hostel,Hostel,Clear,False,None,False,,270
2025-10-26,Bistro 1,Restaurant,Clear,False,None,False,4.7,192
2025-10-26,Hostel B,Hostel,Light Rain,False,Sports Match,False,,139
2025-10-26,Spice Grill,Restaurant,Cloudy,False,None,False,3.6,303
2025-10-26,UEM Kolkata Hostel,Hostel,Cloudy,False,None,False,,299
2025-10-27,Bistro 1,Restaurant,Clear,False,None,True,4.7,184
2025-10-27,Hostel B,Hostel,Cloudy,False,None,False,,162
2025-10-27,Spice Grill,Restaurant,Clear,False,None,True,4.2,299
2025-10-27,UEM Kolkata Hostel,Hostel,Cloudy,False,None,False,,286
2025-10-28,Bistro 1,Restaurant,Heatwave,False,None,True,4.5,177
2025-10-28,Hostel B,Hostel,Clear,False,None,False,,146
2025-10-28,Spice Grill,Restaurant,Clear,False,None,False,4.7,223
2025-10-28,UEM Kolkata Hostel,Hostel,Clear,False,Sports Match,False,,274
2025-10-29,Bistro 1,Restaurant,Clear,False,None,True,3.7,117
2025-10-29,Hostel B,Hostel,Clear,False,None,False,,153
2025-10-29,Spice Grill,Restaurant,Clear,False,None,False,3.8,211
2025-10-29,UEM Kolkata Hostel,Hostel,Heatwave,False,None,False,,312
2025-10-30,Bistro 1,Restaurant,Clear,False,Local Festival,False,4.4,146
2025-10-30,Hostel B,Hostel,Heatwave,False,None,False,,143
2025-10-30,Spice Grill,Restaurant,Light Rain,False,None,True,4.2,289
2025-10-30,UEM Kolkata Hostel,Hostel,Clear,False,None,False,,280
2025-10-31,Bistro 1,Restaurant,Clear,False,None,True,3.5,133
2025-10-31,Hostel B,Hostel,Light Rain,False,Concert,False,,142
2025-10-31,Spice Grill,Restaurant,Clear,False,None,True,3.8,192
2025-10-31,UEM Kolkata Hostel,Hostel,Clear,False,None,False,,321
2025-11-01,Bistro 1,Restaurant,Cloudy,False,None,False,5.0,163
2025-11-01,Hostel B,Hostel,Heatwave,True,Sports Match,False,,117
2025-11-01,Spice Grill,Restaurant,Clear,False,None,True,4.5,475
2025-11-01,UEM Kolkata Hostel,Hostel,Clear,True,None,False,,234
2025-11-02,Bistro 1,Restaurant,Cloudy,False,None,True,3.9,180
2025-11-02,Hostel B,Hostel,Cloudy,True,Sports Match,False,,121
2025-11-02,Spice Grill,Restaurant,Clear,False,Concert,False,4.6,380
2025-11-02,UEM Kolkata Hostel,Hostel,Heavy Rain,True,None,False,,206
2025-11-03,Bistro 1,Restaurant,Light Rain,False,Concert,False,4.8,156
2025-11-03,Hostel B,Hostel,Light Rain,True,None,False,,118
2025-11-03,Spice Grill,Restaurant,Light Rain,False,None,True,4.8,263
2025-11-03,UEM Kolkata Hostel,Hostel,Light Rain,True,None,False,,243
2025-11-04,Bistro 1,Restaurant,Cloudy,False,Sports Match,False,3.8,159
2025-11-04,Hostel B,Hostel,Clear,True,None,False,,138
2025-11-04,Spice Grill,Restaurant,Cloudy,False,None,False,3.9,210
2025-11-04,UEM Kolkata Hostel,Hostel,Clear,True,None,False,,249
2025-11-05,Bistro 1,Restaurant,Clear,False,None,False,4.9,123
2025-11-05,Hostel B,Hostel,Clear,True,None,False,,127
2025-11-05,Spice Grill,Restaurant,Cloudy,False,None,False,4.8,214
2025-11-05,UEM Kolkata Hostel,Hostel,Heatwave,True,None,False,,269
2025-11-06,Bistro 1,Restaurant,Cloudy,False,None,False,4.7,122
2025-11-06,Hostel B,Hostel,Cloudy,True,None,False,,122
2025-11-06,Spice Grill,Restaurant,Cloudy,False,None,True,4.8,313
2025-11-06,UEM Kolkata Hostel,Hostel,Heavy Rain,True,None,False,,248
2025-11-07,Bistro 1,Restaurant,Clear,False,None,True,3.9,118
2025-11-07,Hostel B,Hostel,Cloudy,True,None,False,,142
2025-11-07,Spice Grill,Restaurant,Clear,False,None,True,4.6,285
2025-11-07,UEM Kolkata Hostel,Hostel,Clear,True,None,False,,246
2025-11-08,Bistro 1,Restaurant,Clear,False,None,True,3.7,174
2025-11-08,Hostel B,Hostel,Clear,True,None,False,,120
2025-11-08,Spice Grill,Restaurant,Heavy Rain,False,None,True,4.1,144
2025-11-08,UEM Kolkata Hostel,Hostel,Clear,True,Local Festival,False,,65
2025-11-09,Bistro 1,Restaurant,Clear,False,None,False,3.9,188
2025-11-09,Hostel B,Hostel,Clear,True,None,False,,107
2025-11-09,Spice Grill,Restaurant,Light Rain,False,Sports Match,False,4.3,330
2025-11-09,UEM Kolkata Hostel,Hostel,Heatwave,True,None,False,,226
2025-11-10,Bistro 1,Restaurant,Clear,False,None,True,4.3,185
2025-11-10,Hostel B,Hostel,Heatwave,True,None,False,,114
2025-11-10,Spice Grill,Restaurant,Clear,False,None,True,4.9,300
2025-11-10,UEM Kolkata Hostel,Hostel,Clear,True,None,False,,234
2025-11-11,Bistro 1,Restaurant,Cloudy,False,None,True,4.7,188
2025-11-11,Hostel B,Hostel,Cloudy,True,None,False,,96
2025-11-11,Spice Grill,Restaurant,Cloudy,False,Sports Match,False,4.1,292
2025-11-11,UEM Kolkata Hostel,Hostel,Heatwave,True,None,False,,257
2025-11-12,Bistro 1,Restaurant,Heavy Rain,False,None,False,4.9,63
2025-11-12,Hostel B,Hostel,Clear,True,None,False,,115
2025-11-12,Spice Grill,Restaurant,Heatwave,False,None,True,4.8,306
2025-11-12,UEM Kolkata Hostel,Hostel,Cloudy,True,None,False,,215
2025-11-13,Bistro 1,Restaurant,Clear,False,None,True,4.8,171
2025-11-13,Hostel B,Hostel,Light Rain,True,None,False,,115
2025-11-13,Spice Grill,Restaurant,Clear,False,None,True,4.8,292
2025-11-13,UEM Kolkata Hostel,Hostel,Light Rain,True,None,False,,218
2025-11-14,Bistro 1,Restaurant,Cloudy,False,None,False,3.7,109
2025-11-14,Hostel B,Hostel,Clear,True,None,False,,123
2025-11-14,Spice Grill,Restaurant,Clear,False,None,False,5.0,218
2025-11-14,UEM Kolkata Hostel,Hostel,Light Rain,True,Concert,False,,256
2025-11-15,Bistro 1,Restaurant,Cloudy,False,Concert,False,3.9,191
2025-11-15,Hostel B,Hostel,Clear,True,None,False,,108
2025-11-15,Spice Grill,Restaurant,Heatwave,False,None,True,3.9,266
2025-11-15,UEM Kolkata Hostel,Hostel,Clear,True,None,False,,236
2025-11-16,Bistro 1,Restaurant,Clear,False,None,False,4.1,169
2025-11-16,Hostel B,Hostel,Clear,True,None,False,,108
2025-11-16,Spice Grill,Restaurant,Cloudy,False,None,False,5.0,266
2025-11-16,UEM Kolkata Hostel,Hostel,Heatwave,True,None,False,,237
2025-11-17,Bistro 1,Restaurant,Clear,False,None,True,4.1,128
2025-11-17,Hostel B,Hostel,Clear,True,Concert,False,,123
2025-11-17,Spice Grill,Restaurant,Clear,False,None,True,4.7,316
2025-11-17,UEM Kolkata Hostel,Hostel,Heavy Rain,True,None,False,,261
2025-11-18,Bistro 1,Restaurant,Clear,False,None,False,4.2,120
2025-11-18,Hostel B,Hostel,Heatwave,True,None,False,,108
2025-11-18,Spice Grill,Restaurant,Light Rain,False,Concert,True,4.9,418
2025-11-18,UEM Kolkata Hostel,Hostel,Clear,True,Local Festival,False,,102
2025-11-19,Bistro 1,Restaurant,Clear,False,Concert,True,4.4,215
2025-11-19,Hostel B,Hostel,Light Rain,True,None,False,,119
2025-11-19,Spice Grill,Restaurant,Heatwave,False,None,True,3.6,182
2025-11-19,UEM Kolkata Hostel,Hostel,Clear,True,None,False,,220
2025-11-20,Bistro 1,Restaurant,Light Rain,False,None,True,3.7,111
2025-11-20,Hostel B,Hostel,Clear,True,None,False,,115
2025-11-20,Spice Grill,Restaurant,Heavy Rain,False,None,False,4.9,99
2025-11-20,UEM Kolkata Hostel,Hostel,Clear,True,None,False,,238
2025-11-21,Bistro 1,Restaurant,Light Rain,False,None,False,4.0,120
2025-11-21,Hostel B,Hostel,Heatwave,True,Sports Match,False,,119
2025-11-21,Spice Grill,Restaurant,Clear,False,None,False,3.7,219
2025-11-21,UEM Kolkata Hostel,Hostel,Clear,True,None,False,,212
2025-11-22,Bistro 1,Restaurant,Clear,False,None,False,4.6,162
2025-11-22,Hostel B,Hostel,Cloudy,True,None,False,,130
2025-11-22,Spice Grill,Restaurant,Clear,False,Concert,False,4.7,411
2025-11-22,UEM Kolkata Hostel,Hostel,Heatwave,True,None,False,,234
2025-11-23,Bistro 1,Restaurant,Light Rain,False,None,False,3.6,145
2025-11-23,Hostel B,Hostel,Light Rain,True,None,False,,115
2025-11-23,Spice Grill,Restaurant,Cloudy,False,None,True,4.0,288
2025-11-23,UEM Kolkata Hostel,Hostel,Cloudy,True,None,False,,234
2025-11-24,Bistro 1,Restaurant,Clear,False,Concert,True,4.4,259
2025-11-24,Hostel B,Hostel,Cloudy,True,None,False,,133
2025-11-24,Spice Grill,Restaurant,Clear,False,None,False,3.8,202
2025-11-24,UEM Kolkata Hostel,Hostel,Light Rain,True,None,False,,256
2025-11-25,Bistro 1,Restaurant,Clear,False,Local Festival,False,5.0,165
2025-11-25,Hostel B,Hostel,Cloudy,True,None,False,,138
2025-11-25,Spice Grill,Restaurant,Clear,False,None,False,4.5,195
2025-11-25,UEM Kolkata Hostel,Hostel,Heatwave,True,None,False,,246
2025-11-26,Bistro 1,Restaurant,Heatwave,False,None,False,4.9,112
2025-11-26,Hostel B,Hostel,Clear,True,Concert,False,,121
2025-11-26,Spice Grill,Restaurant,Cloudy,False,None,True,4.8,296
2025-11-26,UEM Kolkata Hostel,Hostel,Clear,True,None,False,,289
2025-11-27,Bistro 1,Restaurant,Light Rain,False,None,True,4.5,193
2025-11-27,Hostel B,Hostel,Clear,True,None,False,,106
2025-11-27,Spice Grill,Restaurant,Light Rain,False,None,False,4.7,193
2025-11-27,UEM Kolkata Hostel,Hostel,Clear,True,None,False,,197
2025-11-28,Bistro 1,Restaurant,Clear,False,None,True,4.4,159
2025-11-28,Hostel B,Hostel,Clear,True,None,False,,103
2025-11-28,Spice Grill,Restaurant,Cloudy,False,None,False,4.1,198
2025-11-28,UEM Kolkata Hostel,Hostel,Clear,True,None,False,,246
2025-11-29,Bistro 1,Restaurant,Cloudy,False,Concert,False,3.8,219
2025-11-29,Hostel B,Hostel,Clear,True,None,False,,115
2025-11-29,Spice Grill,Restaurant,Cloudy,False,None,False,4.5,319
2025-11-29,UEM Kolkata Hostel,Hostel,Clear,True,None,False,,224
2025-11-30,Bistro 1,Restaurant,Cloudy,False,None,False,3.7,179
2025-11-30,Hostel B,Hostel,Heavy Rain,True,None,False,,114
2025-11-30,Spice Grill,Restaurant,Clear,False,Concert,False,4.9,356
2025-11-30,UEM Kolkata Hostel,Hostel,Cloudy,True,None,False,,254
2025-12-01,Bistro 1,Restaurant,Light Rain,False,Sports Match,False,3.7,141
2025-12-01,Hostel B,Hostel,Heatwave,True,None,False,,111
2025-12-01,Spice Grill,Restaurant,Clear,False,None,True,4.6,354
2025-12-01,UEM Kolkata Hostel,Hostel,Clear,True,None,False,,222
2025-12-02,Bistro 1,Restaurant,Clear,False,Sports Match,False,3.5,192
2025-12-02,Hostel B,Hostel,Clear,True,None,False,,136
2025-12-02,Spice Grill,Restaurant,Heatwave,False,None,True,3.8,203
2025-12-02,UEM Kolkata Hostel,Hostel,Clear,True,None,False,,243
2025-12-03,Bistro 1,Restaurant,Clear,False,None,True,4.0,119
2025-12-03,Hostel B,Hostel,Cloudy,True,None,False,,132
2025-12-03,Spice Grill,Restaurant,Clear,False,None,False,3.9,237
2025-12-03,UEM Kolkata Hostel,Hostel,Cloudy,True,None,False,,207
2025-12-04,Bistro 1,Restaurant,Clear,False,None,False,4.4,122
2025-12-04,Hostel B,Hostel,Clear,True,None,False,,134
2025-12-04,Spice Grill,Restaurant,Heatwave,False,Concert,False,4.7,285
2025-12-04,UEM Kolkata Hostel,Hostel,Light Rain,True,None,False,,230
2025-12-05,Bistro 1,Restaurant,Clear,False,None,False,3.7,126
2025-12-05,Hostel B,Hostel,Heavy Rain,True,Concert,False,,126
2025-12-05,Spice Grill,Restaurant,Cloudy,False,None,True,4.4,313
2025-12-05,UEM Kolkata Hostel,Hostel,Cloudy,True,Local Festival,False,,76
2025-12-06,Bistro 1,Restaurant,Clear,False,None,False,4.1,180
2025-12-06,Hostel B,Hostel,Heavy Rain,True,None,False,,147
2025-12-06,Spice Grill,Restaurant,Clear,False,Sports Match,True,4.4,712
2025-12-06,UEM Kolkata Hostel,Hostel,Clear,True,None,False,,220
2025-12-07,Bistro 1,Restaurant,Cloudy,False,Concert,True,4.3,335
2025-12-07,Hostel B,Hostel,Light Rain,True,None,False,,105
2025-12-07,Spice Grill,Restaurant,Heatwave,False,None,True,3.6,282
2025-12-07,UEM Kolkata Hostel,Hostel,Clear,True,None,False,,223
2025-12-08,Bistro 1,Restaurant,Clear,False,None,False,4.4,130
2025-12-08,Hostel B,Hostel,Clear,True,None,False,,126
2025-12-08,Spice Grill,Restaurant,Clear,False,None,True,4.6,300
2025-12-08,UEM Kolkata Hostel,Hostel,Cloudy,True,Concert,False,,225
2025-12-09,Bistro 1,Restaurant,Clear,False,None,False,5.0,132
2025-12-09,Hostel B,Hostel,Cloudy,True,None,False,,131
2025-12-09,Spice Grill,Restaurant,Clear,False,None,False,4.5,199
2025-12-09,UEM Kolkata Hostel,Hostel,Clear,True,None,False,,259
2025-12-10,Bistro 1,Restaurant,Light Rain,False,None,True,3.7,114
2025-12-10,Hostel B,Hostel,Clear,True,Local Festival,False,,45
2025-12-10,Spice Grill,Restaurant,Clear,False,None,False,3.8,225
2025-12-10,UEM Kolkata Hostel,Hostel,Clear,True,Concert,False,,270
2025-12-11,Bistro 1,Restaurant,Cloudy,False,None,True,3.6,110
2025-12-11,Hostel B,Hostel,Clear,True,None,False,,129
2025-12-11,Spice Grill,Restaurant,Clear,False,Sports Match,True,4.1,280
2025-12-11,UEM Kolkata Hostel,Hostel,Clear,True,None,False,,214
2025-12-12,Bistro 1,Restaurant,Light Rain,False,None,False,3.9,131
2025-12-12,Hostel B,Hostel,Clear,True,Concert,False,,121
2025-12-12,Spice Grill,Restaurant,Cloudy,False,None,True,4.5,331
2025-12-12,UEM Kolkata Hostel,Hostel,Clear,True,None,False,,242
2025-12-13,Bistro 1,Restaurant,Light Rain,False,None,False,4.4,162
2025-12-13,Hostel B,Hostel,Cloudy,True,None,False,,115
2025-12-13,Spice Grill,Restaurant,Clear,False,Sports Match,False,3.6,406
2025-12-13,UEM Kolkata Hostel,Hostel,Heatwave,True,Sports Match,False,,241
2025-12-14,Bistro 1,Restaurant,Light Rain,False,None,False,3.9,149
2025-12-14,Hostel B,Hostel,Light Rain,True,None,False,,120
2025-12-14,Spice Grill,Restaurant,Light Rain,False,None,True,4.5,386
2025-12-14,UEM Kolkata Hostel,Hostel,Clear,True,Sports Match,False,,213
2025-12-15,Bistro 1,Restaurant,Clear,False,Sports Match,False,4.6,161
2025-12-15,Hostel B,Hostel,Clear,True,None,False,,103
2025-12-15,Spice Grill,Restaurant,Clear,False,None,True,4.2,335
2025-12-15,UEM Kolkata Hostel,Hostel,Cloudy,True,Local Festival,False,,95
2025-12-16,Bistro 1,Restaurant,Cloudy,False,None,False,3.8,120
2025-12-16,Hostel B,Hostel,Light Rain,True,None,False,,120
2025-12-16,Spice Grill,Restaurant,Clear,False,None,False,4.5,193
2025-12-16,UEM Kolkata Hostel,Hostel,Clear,True,None,False,,267
2025-12-17,Bistro 1,Restaurant,Clear,False,None,False,4.8,140
2025-12-17,Hostel B,Hostel,Clear,True,Local Festival,False,,28
2025-12-17,Spice Grill,Restaurant,Heatwave,False,None,True,3.5,218
2025-12-17,UEM Kolkata Hostel,Hostel,Clear,True,None,False,,257
2025-12-18,Bistro 1,Restaurant,Cloudy,False,None,False,4.2,110
2025-12-18,Hostel B,Hostel,Cloudy,True,None,False,,120
2025-12-18,Spice Grill,Restaurant,Light Rain,False,None,True,4.4,314
2025-12-18,UEM Kolkata Hostel,Hostel,Clear,True,None,False,,258
2025-12-19,Bistro 1,Restaurant,Clear,False,None,False,4.0,128
2025-12-19,Hostel B,Hostel,Clear,True,None,False,,107
2025-12-19,Spice Grill,Restaurant,Light Rain,False,None,False,4.2,212
2025-12-19,UEM Kolkata Hostel,Hostel,Clear,True,None,False,,247
2025-12-20,Bistro 1,Restaurant,Light Rain,False,None,True,4.6,230
2025-12-20,Hostel B,Hostel,Clear,True,None,False,,99
2025-12-20,Spice Grill,Restaurant,Clear,False,None,True,4.2,428
2025-12-20,UEM Kolkata Hostel,Hostel,Clear,True,None,False,,223
2025-12-21,Bistro 1,Restaurant,Clear,False,None,True,3.9,181
2025-12-21,Hostel B,Hostel,Clear,True,None,False,,107
2025-12-21,Spice Grill,Restaurant,Cloudy,False,None,False,4.0,231
2025-12-21,UEM Kolkata Hostel,Hostel,Heatwave,True,None,False,,238
2025-12-22,Bistro 1,Restaurant,Clear,False,None,False,3.8,130
2025-12-22,Hostel B,Hostel,Cloudy,True,None,False,,120
2025-12-22,Spice Grill,Restaurant,Clear,False,None,True,3.8,201
2025-12-22,UEM Kolkata Hostel,Hostel,Cloudy,True,None,False,,202
2025-12-23,Bistro 1,Restaurant,Clear,False,None,True,4.7,217
2025-12-23,Hostel B,Hostel,Heatwave,True,None,False,,129
2025-12-23,Spice Grill,Restaurant,Heatwave,False,None,True,4.2,267
2025-12-23,UEM Kolkata Hostel,Hostel,Heavy Rain,True,None,False,,277
2025-12-24,Bistro 1,Restaurant,Clear,False,None,True,3.8,137
2025-12-24,Hostel B,Hostel,Clear,True,None,False,,110
2025-12-24,Spice Grill,Restaurant,Light Rain,False,None,True,3.5,218
2025-12-24,UEM Kolkata Hostel,Hostel,Cloudy,True,None,False,,228
2025-12-25,Bistro 1,Restaurant,Clear,False,None,False,3.8,144
2025-12-25,Hostel B,Hostel,Clear,True,None,False,,107
2025-12-25,Spice Grill,Restaurant,Light Rain,False,None,True,3.6,200
2025-12-25,UEM Kolkata Hostel,Hostel,Heatwave,True,None,False,,251
2025-12-26,Bistro 1,Restaurant,Cloudy,False,None,False,3.7,125
2025-12-26,Hostel B,Hostel,Light Rain,True,Sports Match,False,,128
2025-12-26,Spice Grill,Restaurant,Heavy Rain,False,None,False,4.4,121
2025-12-26,UEM Kolkata Hostel,Hostel,Clear,True,None,False,,213
2025-12-27,Bistro 1,Restaurant,Clear,False,None,True,4.1,180
2025-12-27,Hostel B,Hostel,Clear,True,None,False,,132
2025-12-27,Spice Grill,Restaurant,Cloudy,False,None,False,4.9,242
2025-12-27,UEM Kolkata Hostel,Hostel,Heavy Rain,True,None,False,,227
2025-12-28,Bistro 1,Restaurant,Clear,False,None,True,4.0,172
2025-12-28,Hostel B,Hostel,Light Rain,True,None,False,,138
2025-12-28,Spice Grill,Restaurant,Clear,False,None,False,3.7,327
2025-12-28,UEM Kolkata Hostel,Hostel,Clear,True,Concert,False,,231
2025-12-29,Bistro 1,Restaurant,Clear,False,None,False,3.9,114
2025-12-29,Hostel B,Hostel,Clear,True,None,False,,114
2025-12-29,Spice Grill,Restaurant,Clear,False,None,True,4.8,343
2025-12-29,UEM Kolkata Hostel,Hostel,Cloudy,True,None,False,,255
2025-12-30,Bistro 1,Restaurant,Cloudy,False,None,True,4.7,186
2025-12-30,Hostel B,Hostel,Clear,True,None,False,,119
2025-12-30,Spice Grill,Restaurant,Heavy Rain,False,None,False,3.6,97
2025-12-30,UEM Kolkata Hostel,Hostel,Clear,True,None,False,,278
2025-12-31,Bistro 1,Restaurant,Heavy Rain,False,None,False,4.4,58
2025-12-31,Hostel B,Hostel,Light Rain,True,None,False,,100
2025-12-31,Spice Grill,Restaurant,Clear,False,None,True,3.8,229
2025-12-31,UEM Kolkata Hostel,Hostel,Clear,True,None,False,,254
